ObjectID,Loc_name,Status,Score,Match_type,Match_addr,LongLabel,ShortLabel,Addr_type,Type,PlaceName,Place_addr,Phone,URL,Rank,AddBldg,AddNum,AddNumFrom,AddNumTo,AddRange,Side,StPreDir,StPreType,StName,StType,StDir,BldgComp,BldgType,BldgName,LevelType,LevelName,UnitType,UnitName,RoomType,RoomName,WingType,WingName,SubAddr,StAddr,Block,Sector,Nbrhd,District,City,MetroArea,Subregion,Region,RegionAbbr,Territory,Zone,Postal,PostalExt,Country,CntryName,LangCode,Distance,X,Y,DisplayX,DisplayY,Xmin,Xmax,Ymin,Ymax,ExInfo,MatchID,PotentialID,StrucType,StrucDet,IN_Address,IN_Address2,IN_Address3,IN_Neighborhood,IN_City,IN_Subregion,IN_Region,IN_Postal,IN_PostalExt,IN_CountryCode,USER_Field1,USER_City,USER_State,USER_Total_Tests,USER_Value
1,World,M,82.48,A,"Sandy Springs Cir, Atlanta, Georgia, 30328","Sandy Springs Cir, Atlanta, GA, 30328, USA",Sandy Springs Cir,StreetName,,,"Sandy Springs Cir, Atlanta, Georgia, 30328",,,20,,,,,,,,,Sandy Springs,Cir,,,,,,,,,,,,,,Sandy Springs Cir,,,Downtown Sandy Springs,,Atlanta,,Fulton County,Georgia,GA,,,30328,5947,USA,United States,ENG,0,-84.38399656,33.92138261,-84.38399656,33.92138261,-84.38499656,-84.38299656,33.92038261,33.92238261,ROSWELL,AQiAdQEAEeQBAJUBBAAAAAAMFFNBTkRZIFNQUklOR1MgQ0lSQ0xFZgNFTkc,,,,,,,,Atlanta-Sandy Springs-Roswell,,GA,,,,46,Atlanta-Sandy Springs-Roswell,GA,9710351,0.030418975
2,World,M,82.12,A,"City of White Plains, New York","City of White Plains, NY, USA",City of White Plains,Locality,City,City of White Plains,"City of White Plains, New York",,,19,,,,,,,,,,,,,,,,,,,,,,,,,,,,,City of White Plains,,Westchester County,New York,NY,,,,,USA,United States,ENG,0,-73.75482,41.02204,-73.75482,41.02204,-73.79482,-73.71482,40.98204,41.06204,NEW YORK JERSEY,AQwFnwEAzv8BAJUBBMdUKnQOFENJVFkgT0YgV0hJVEUgUExBSU5TZgNFTkc,,,,,,,,New York-Jersey City-White Plains,,NY,,,,608,New York-Jersey City-White Plains,NY,11202741,0.169141377
3,World,T,80.57,A,"Arlington Heights, Illinois","Arlington Heights, IL, USA",Arlington Heights,Locality,City,Arlington Heights,"Arlington Heights, Illinois",,,8.27,,,,,,,,,,,,,,,,,,,,,,,,,,,,,Arlington Heights,,Cook County,Illinois,IL,,,,,USA,United States,ENG,0,-87.9804577,42.0829775,-87.9804577,42.0829775,-88.0384577,-87.9224577,42.0249775,42.1409775,CHICAGO NAPERVILLE,AQxzZwEA8gMCAJUBBMdUKnQOEUFSTElOR1RPTiBIRUlHSFRTZgNFTkc,,,,,,,,Chicago-Naperville-Arlington Heights,,IL,,,,161,Chicago-Naperville-Arlington Heights,IL,11070519,0.01781143
4,World,T,80.87,A,"Scottsdale, Arizona","Scottsdale, AZ, USA",Scottsdale,Locality,City,Scottsdale,"Scottsdale, Arizona",,,6.5,,,,,,,,,,,,,,,,,,,,,,,,,,,,,Scottsdale,,Maricopa County,Arizona,AZ,,,,,USA,United States,ENG,0,-111.926061,33.494909,-111.926061,33.494909,-112.205061,-111.647061,33.215909,33.773909,PHOENIX MESA,AQzpCQEAZuIBAJUBBMdUKnQOClNDT1RUU0RBTEVmA0VORw,,,,,,,,Phoenix-Mesa-Scottsdale,,AZ,,,,667,Phoenix-Mesa-Scottsdale,AZ,7391817,-0.066809156
5,World,M,90.87,A,"Riverside-San Bernardino, Riverside, California","Riverside-San Bernardino, Riverside, CA, USA",Riverside-San Bernardino,Locality,Village,Riverside-San Bernardino,"Riverside, California",,,20,,,,,,,,,,,,,,,,,,,,,,,,,,,Riverside-San Bernardino,,Riverside,,Riverside County,California,CA,,,,,USA,United States,ENG,0,-117.42294,33.91464,-117.42294,33.91464,-117.43294,-117.41294,33.90464,33.92464,ONTARIO,AQxx9AAACuQBAJUBBLhvVFUOGFJJVkVSU0lERSBTQU4gQkVSTkFSRElOT2YDRU5H,,,,,,,,Riverside-San Bernardino-Ontario,,CA,,,,716,Riverside-San Bernardino-Ontario,CA,6891493,-0.325101977
6,World,T,76.84,A,"Dallas, Texas","Dallas, TX, USA",Dallas,Locality,City,Dallas,"Dallas, Texas",,,2.5,,,,,,,,,,,,,,,,,,,,,,,,,,,,,Dallas,,Dallas County,Texas,TX,,,,,USA,United States,ENG,0,-96.7962148,32.7779765,-96.7962148,32.7779765,-97.0312148,-96.5612148,32.5429765,33.0129765,PLANO IRVING,AQwDRQEAmd8BAJUBBMdUKnQOBkRBTExBU2YDRU5H,,,,,,,,Dallas-Plano-Irving,,TX,,,,209,Dallas-Plano-Irving,TX,6156653,0.06515186
7,World,M,88.97,A,"Long Beach, California","Long Beach, CA, USA",Long Beach,Locality,City,Long Beach,"Long Beach, California",,,6.5,,,,,,,,,,,,,,,,,,,,,,,,,,,,,Long Beach,,Los Angeles County,California,CA,,,,,USA,United States,ENG,0,-118.181311,33.771712,-118.181311,33.771712,-118.277311,-118.085311,33.675712,33.867712,GLENDALE,AQx68QAAe+MBAJUBBMdUKnQOCkxPTkcgQkVBQ0hmA0VORw,,,,,,,,Los Angeles-Long Beach-Glendale,,CA,,,,496,Los Angeles-Long Beach-Glendale,CA,12406011,-0.270666074
8,World,T,78.67,A,"The Woodlands, Texas","The Woodlands, TX, USA",The Woodlands,Locality,City,The Woodlands,"The Woodlands, Texas",,,6.5,,,,,,,,,,,,,,,,,,,,,,,,,,,,,The Woodlands,,Montgomery County,Texas,TX,,,,,USA,United States,ENG,0,-95.4846124,30.1820388,-95.4846124,30.1820388,-95.5666124,-95.4026124,30.1000388,30.2640388,HOUSTON | SUGAR LAND,AQwjSgEAdtUBAJUBBMdUKnQODVRIRSBXT09ETEFORFNmA0VORw,,,,,,,,Houston-The Woodlands-Sugar Land,,TX,,,,385,Houston-The Woodlands-Sugar Land,TX,8659989,0.021258766
9,World,M,100,A,"Carlsbad, California","Carlsbad, CA, USA",Carlsbad,Locality,City,Carlsbad,"Carlsbad, California",,,6.5,,,,,,,,,,,,,,,,,,,,,,,,,,,,,Carlsbad,,San Diego County,California,CA,,,,,USA,United States,ENG,0,-117.3379272,33.1660368,-117.3379272,33.1660368,-117.4039272,-117.2719272,33.1000368,33.2320368,,AQzG9AAAHuEBAJUBBMdUKnQOCENBUkxTQkFEZgNFTkc,,,,,,,,San Diego-Carlsbad,,CA,,,,751,San Diego-Carlsbad,CA,3988020,-0.042214449
10,World,T,77.39,A,"Santa Ana, California","Santa Ana, CA, USA",Santa Ana,Locality,City,Santa Ana,"Santa Ana, California",,,5.5,,,,,,,,,,,,,,,,,,,,,,,,,,,,,Santa Ana,,Orange County,California,CA,,,,,USA,United States,ENG,0,-117.869781,33.749738,-117.869781,33.749738,-117.947781,-117.791781,33.671738,33.827738,ANAHEIM | IRVINE,AQyy8gAAZeMBAJUBBMdUKnQOCVNBTlRBIEFOQWYDRU5H,,,,,,,,Anaheim-Santa Ana-Irvine,,CA,,,,26,Anaheim-Santa Ana-Irvine,CA,4014799,0.044384755
11,World,T,77.33,A,"Minneapolis, Minnesota","Minneapolis, MN, USA",Minneapolis,Locality,City,Minneapolis,"Minneapolis, Minnesota",,,6.5,,,,,,,,,,,,,,,,,,,,,,,,,,,,,Minneapolis,,Hennepin County,Minnesota,MN,,,,,USA,United States,ENG,0,-93.2643669,44.9774859,-93.2643669,44.9774859,-93.3663669,-93.1623669,44.8754859,45.0794859,ST PAUL BLOOMINGTON,AQzPUgEAQQ8CAJUBBMdUKnQOC01JTk5FQVBPTElTZgNFTkc,,,,,,,,Minneapolis-St. Paul-Bloomington,,MN,,,,555,Minneapolis-St. Paul-Bloomington,MN,5412622,0.255983285
12,World,T,100,A,"St. Louis, Missouri","St. Louis, MO, USA",St. Louis,Locality,City,St. Louis,"Saint Louis, Missouri",,,5.5,,,,,,,,,,,,,,,,,,,,,,,,,,,,,Saint Louis,,City of St. Louis,Missouri,MO,,,,,USA,United States,ENG,0,-90.2009855,38.635355,-90.2009855,38.635355,-90.3559855,-90.0459855,38.480355,38.790355,,AQzHXgEAe/YBAJUBBMdUKnQOCFNUIExPVUlTZgNFTkc,,,,,,,,St. Louis,,MO,,,,741,St. Louis,MO,3814298,0.034234087
13,World,T,100,A,"Newark, New Jersey","Newark, NJ, USA",Newark,Locality,City,Newark,"Newark, New Jersey",,,6.5,,,,,,,,,,,,,,,,,,,,,,,,,,,,,Newark,,Essex County,New Jersey,NJ,,,,,USA,United States,ENG,0,-74.1743877,40.731507,-74.1743877,40.731507,-74.2393877,-74.1093877,40.666507,40.796507,,AQxhnQEAq/4BAJUBBMdUKnQOBk5FV0FSS2YDRU5H,,,,,,,,Newark,,NJ,,,,596,Newark,NJ,3481464,0.3139126
14,World,M,85.81,A,"Alexandria, Washington, Ohio","Alexandria, Washington, OH, USA",Alexandria,Locality,City,Alexandria,"Washington, Ohio",,,20,,,,,,,,,,,,,,,,,,,,,,,,,,,,Alexandria,Washington,,Scioto County,Ohio,OH,,,,,USA,United States,ENG,0,-83.04795,38.72452,-83.04795,38.72452,-83.05895,-83.03695,38.71352,38.73552,ARLINGTON | DC,AQy4egEA1PYBAJUBBMdUKnQOCkFMRVhBTkRSSUFmA0VORw,,,,,,,,Washington-Arlington-Alexandria,,DC,,,,895,Washington-Arlington-Alexandria,DC,5069379,-0.001530048
15,World,T,76.92,A,"Charlotte, North Carolina","Charlotte, NC, USA",Charlotte,Locality,City,Charlotte,"Charlotte, North Carolina",,,4.5,,,,,,,,,,,,,,,,,,,,,,,,,,,,,Charlotte,,Mecklenburg County,North Carolina,NC,,,,,USA,United States,ENG,0,-80.8411413,35.2237867,-80.8411413,35.2237867,-81.0611413,-80.6211413,35.0037867,35.4437867,CONCORD GASTONIA,AQxWgwEAJ+kBAJUBBMdUKnQOCUNIQVJMT1RURWYDRU5H,,,,,,,,Charlotte-Concord-Gastonia,,NC,,,,157,Charlotte-Concord-Gastonia,NC,3963514,0.120733515
16,World,T,79.31,A,"St. Petersburg, Florida","St. Petersburg, FL, USA",St. Petersburg,Locality,City,St. Petersburg,"St. Petersburg, Florida",,,5.5,,,,,,,,,,,,,,,,,,,,,,,,,,,,,St. Petersburg,,Pinellas County,Florida,FL,,,,,USA,United States,ENG,0,-82.67927,27.77086,-82.67927,27.77086,-82.80527,-82.55327,27.64486,27.89686,TAMPA | CLEARWATER,AQwofAEACswBAJUBBMdUKnQODVNUIFBFVEVSU0JVUkdmA0VORw,,,,,,,,Tampa-St. Petersburg-Clearwater,,FL,,,,836,Tampa-St. Petersburg-Clearwater,FL,3245902,0.022753669
17,World,T,85.19,A,"Farmington Hills, Michigan","Farmington Hills, MI, USA",Farmington Hills,Locality,City,Farmington Hills,"Farmington Hills, Michigan",,,8.19,,,,,,,,,,,,,,,,,,,,,,,,,,,,,Farmington Hills,,Oakland County,Michigan,MI,,,,,USA,United States,ENG,0,-83.359179,42.484674,-83.359179,42.484674,-83.412179,-83.306179,42.431674,42.537674,WARREN TROY,AQyAeQEAhAUCAJUBBMdUKnQOEEZBUk1JTkdUT04gSElMTFNmA0VORw,,,,,,,,Warren-Troy-Farmington Hills,,MI,,,,891,Warren-Troy-Farmington Hills,MI,3725415,0.066516715
18,World,T,80,A,"Indianapolis, Indiana","Indianapolis, IN, USA",Indianapolis,Locality,City,Indianapolis,"Indianapolis, Indiana",,,4.5,,,,,,,,,,,,,,,,,,,,,,,,,,,,,Indianapolis,,Marion County,Indiana,IN,,,,,USA,United States,ENG,0,-86.156212,39.76845,-86.156212,39.76845,-86.353212,-85.959212,39.57145,39.96545,CARMEL ANDERSON,AQyTbgEA6PoBAJUBBMdUKnQODElORElBTkFQT0xJU2YDRU5H,,,,,,,,Indianapolis-Carmel-Anderson,,IN,,,,397,Indianapolis-Carmel-Anderson,IN,3248501,0.189057273
19,World,T,100,A,"Kansas City, Missouri","Kansas City, MO, USA",Kansas City,Locality,City,Kansas City,"Kansas City, Missouri",,,4.5,,,,,,,,,,,,,,,,,,,,,,,,,,,,,Kansas City,,Jackson County,Missouri,MO,,,,,USA,United States,ENG,0,-94.578559,39.099792,-94.578559,39.099792,-94.823559,-94.333559,38.854792,39.344792,,AQytTQEAS/gBAJUBBMdUKnQOC0tBTlNBUyBDSVRZZgNFTkc,,,,,,,,Kansas City,,MO,,,,429,Kansas City,MO,3139089,0.113162876
20,World,T,80.91,A,"Berkley, Michigan","Berkley, MI, USA",Berkley,Locality,City,Berkley,"Berkley, Michigan",,,11.25,,,,,,,,,,,,,,,,,,,,,,,,,,,,,Berkley,,Oakland County,Michigan,MI,,,,,USA,United States,ENG,0,-83.185,42.503209,-83.185,42.503209,-83.202,-83.168,42.486209,42.520209,HAYWARD | CA,AQwvegEAlwUCAJUBBMdUKnQOB0JFUktMRVlmA0VORw,,,,,,,,Oakland-Hayward-Berkeley,,CA,,,,619,Oakland-Hayward-Berkeley,CA,3239534,-0.027093805
21,World,M,87.73,A,"Arden-Arcade, California","Arden-Arcade, CA, USA",Arden-Arcade,Locality,City,Arden-Arcade,"Arden-Arcade, California",,,8.07,,,,,,,,,,,,,,,,,,,,,,,,,,,,,Arden-Arcade,,Sacramento County,California,CA,,,,,USA,United States,ENG,0,-121.392238,38.599823,-121.392238,38.599823,-121.437238,-121.347238,38.554823,38.644823,ROSEVILLE,AQzv5AAAV/YBAJUBBMdUKnQODEFSREVOIEFSQ0FERWYDRU5H,,,,,,,,Sacramento--Roseville--Arden-Arcade,,CA,,,,735,Sacramento--Roseville--Arden-Arcade,CA,3010632,-0.136188127
22,World,M,84.11,A,First Eye Care North Arlington,"First Eye Care North Arlington, 4110 N Collins St, Arlington, TX, 76005, USA",First Eye Care North Arlington,POI,Optical,First Eye Care North Arlington,"4110 N Collins St, Arlington, Texas, 76005",(817) 860-9050,,19,,4110,,,,,N,,Collins,St,,,,,,,,,,,,,,4110 N Collins St,,,,,Arlington,,Tarrant County,Texas,TX,,,76005,,USA,United States,ENG,0,-97.099117,32.801859,-97.099117,32.801859,-97.100117,-97.098117,32.800859,32.802859,,AQ3UQwEAsd8BAJUBBIXP6fsOHkZJUlNUIEVZRSBDQVJFIE5PUlRIIEFSTElOR1RPTmYDRU5H,,Commercial,,,,,,Fort Worth-Arlington,,TX,,,,306,Fort Worth-Arlington,TX,3073004,-0.015380107
23,World,T,83.33,A,"New Braunfels, Texas","New Braunfels, TX, USA",New Braunfels,Locality,City,New Braunfels,"New Braunfels, Texas",,,8.11,,,,,,,,,,,,,,,,,,,,,,,,,,,,,New Braunfels,,Comal County,Texas,TX,,,,,USA,United States,ENG,0,-98.119725,29.709884,-98.119725,29.709884,-98.288725,-97.950725,29.540884,29.878884,SAN ANTONIO,AQzYPwEAndMBAJUBBMdUKnQODU5FVyBCUkFVTkZFTFNmA0VORw,,,,,,,,San Antonio-New Braunfels,,TX,,,,750,San Antonio-New Braunfels,TX,3002869,-0.08079011
24,World,T,80,A,"Miami Beach, Florida","Miami Beach, FL, USA",Miami Beach,Locality,City,Miami Beach,"Miami Beach, Florida",,,8.21,,,,,,,,,,,,,,,,,,,,,,,,,,,,,Miami Beach,,Miami-Dade County,Florida,FL,,,,,USA,United States,ENG,0,-80.134852,25.7922359,-80.134852,25.7922359,-80.191852,-80.077852,25.7352359,25.8492359,MIAMI | KENDALL,AQwZhgEAUMQBAJUBBMdUKnQOC01JQU1JIEJFQUNIZgNFTkc,,,,,,,,Miami-Miami Beach-Kendall,,FL,,,,547,Miami-Miami Beach-Kendall,FL,3016946,0.064084763
25,World,T,100,A,"Pittsburgh, Pennsylvania","Pittsburgh, PA, USA",Pittsburgh,Locality,City,Pittsburgh,"Pittsburgh, Pennsylvania",,,6.5,,,,,,,,,,,,,,,,,,,,,,,,,,,,,Pittsburgh,,Allegheny County,Pennsylvania,PA,,,,,USA,United States,ENG,0,-79.9949573,40.4421676,-79.9949573,40.4421676,-80.1659573,-79.8239573,40.2711676,40.6131676,,AQylhgEAiv0BAJUBBMdUKnQOClBJVFRTQlVSR0hmA0VORw,,,,,,,,Pittsburgh,,PA,,,,673,Pittsburgh,PA,2957175,0.245379138
26,World,T,77.6,A,"Baltimore, Maryland","Baltimore, MD, USA",Baltimore,Locality,City,Baltimore,"Baltimore, Maryland",,,4.5,,,,,,,,,,,,,,,,,,,,,,,,,,,,,Baltimore,,Baltimore County,Maryland,MD,,,,,USA,United States,ENG,0,-76.612333,39.290443,-76.612333,39.290443,-76.723333,-76.501333,39.179443,39.401443,COLUMBIA TOWSON,AQzbkwEACvkBAJUBBMdUKnQOCUJBTFRJTU9SRWYDRU5H,,,,,,,,Baltimore-Columbia-Towson,,MD,,,,57,Baltimore-Columbia-Towson,MD,2993134,0.082064717
27,World,T,77.6,A,"Kissimmee, Florida","Kissimmee, FL, USA",Kissimmee,Locality,City,Kissimmee,"Kissimmee, Florida",,,8.26,,,,,,,,,,,,,,,,,,,,,,,,,,,,,Kissimmee,,Osceola County,Florida,FL,,,,,USA,United States,ENG,0,-81.4025342,28.294695,-81.4025342,28.294695,-81.5345342,-81.2705342,28.162695,28.426695,ORLANDO | SANFORD,AQwlgQEAFs4BAJUBBMdUKnQOCUtJU1NJTU1FRWYDRU5H,,,,,,,,Orlando-Kissimmee-Sanford,,FL,,,,635,Orlando-Kissimmee-Sanford,FL,2989260,0.060896845
28,World,T,77.78,A,"Framingham, Massachusetts","Framingham, MA, USA",Framingham,Locality,City,Framingham,"Framingham, Massachusetts",,,8.35,,,,,,,,,,,,,,,,,,,,,,,,,,,,,Framingham,,Middlesex County,Massachusetts,MA,,,,,USA,United States,ENG,0,-71.418825,42.28156,-71.418825,42.28156,-71.473825,-71.363825,42.22656,42.33656,CAMBRIDGE NEWTON,AQwlqAEAuQQCAJUBBMdUKnQOCkZSQU1JTkdIQU1mA0VORw,,,,,,,,Cambridge-Newton-Framingham,,MA,,,,133,Cambridge-Newton-Framingham,MA,2930957,0.468444502
29,World,T,76.67,A,"Dearborn, Michigan","Dearborn, MI, USA",Dearborn,Locality,City,Dearborn,"Dearborn, Michigan",,,6.5,,,,,,,,,,,,,,,,,,,,,,,,,,,,,Dearborn,,Wayne County,Michigan,MI,,,,,USA,United States,ENG,0,-83.17594,42.322141,-83.17594,42.322141,-83.23094,-83.12094,42.267141,42.377141,DETROIT | LIVONIA,AQw4egEA4gQCAJUBBMdUKnQOCERFQVJCT1JOZgNFTkc,,,,,,,,Detroit-Dearborn-Livonia,,MI,,,,228,Detroit-Dearborn-Livonia,MI,2788275,-0.384905395
30,World,T,75.71,A,"Hillsboro, Oregon","Hillsboro, OR, USA",Hillsboro,Locality,City,Hillsboro,"Hillsboro, Oregon",,,6.5,,,,,,,,,,,,,,,,,,,,,,,,,,,,,Hillsboro,,Washington County,Oregon,OR,,,,,USA,United States,ENG,0,-122.989739,45.52395,-122.989739,45.52395,-123.121739,-122.857739,45.39195,45.65595,PORTLAND VANCOUVER,AQyy3gAAYxECAJUBBMdUKnQOCUhJTExTQk9ST2YDRU5H,,,,,,,,Portland-Vancouver-Hillsboro,,OR,,,,688,Portland-Vancouver-Hillsboro,OR,2904729,0.05873243
31,World,T,100,A,"Cincinnati, Ohio","Cincinnati, OH, USA",Cincinnati,Locality,City,Cincinnati,"Cincinnati, Ohio",,,5.5,,,,,,,,,,,,,,,,,,,,,,,,,,,,,Cincinnati,,Hamilton County,Ohio,OH,,,,,USA,United States,ENG,0,-84.51439,39.12711,-84.51439,39.12711,-84.64339,-84.38539,38.99811,39.25611,,AQz9dAEAZ/gBAJUBBMdUKnQOCkNJTkNJTk5BVElmA0VORw,,,,,,,,Cincinnati,,OH,,,,164,Cincinnati,OH,2764744,0.157355137
32,World,T,100,A,"Philadelphia, Pennsylvania","Philadelphia, PA, USA",Philadelphia,Locality,City,Philadelphia,"Philadelphia, Pennsylvania",,,2.5,,,,,,,,,,,,,,,,,,,,,,,,,,,,,Philadelphia,,Philadelphia County,Pennsylvania,PA,,,,,USA,United States,ENG,0,-75.1656204,39.9510605,-75.1656204,39.9510605,-75.3286204,-75.0026204,39.7880605,40.1140605,,AQyCmQEAn/sBAJUBBMdUKnQODFBISUxBREVMUEhJQWYDRU5H,,,,,,,,Philadelphia,,PA,,,,666,Philadelphia,PA,2598770,-0.346949477
33,World,T,100,A,"Columbus, Ohio","Columbus, OH, USA",Columbus,Locality,City,Columbus,"Columbus, Ohio",,,4.5,,,,,,,,,,,,,,,,,,,,,,,,,,,,,Columbus,,Franklin County,Ohio,OH,,,,,USA,United States,ENG,0,-82.996291,39.962762,-82.996291,39.962762,-83.199291,-82.793291,39.759762,40.165762,,AQzregEAqvsBAJUBBMdUKnQOCENPTFVNQlVTZgNFTkc,,,,,,,,Columbus,,OH,,,,187,Columbus,OH,2551115,0.102872475
34,World,M,78.27,A,"Montgomery, Pennsylvania","Montgomery, PA, USA",Montgomery,Locality,City,Montgomery,"Montgomery, Pennsylvania",,,8.93,,,,,,,,,,,,,,,,,,,,,,,,,,,,,Montgomery,,Montgomery County,Pennsylvania,PA,,,,,USA,United States,ENG,0,-75.220718,40.239234,-75.220718,40.239234,-75.258718,-75.182718,40.201234,40.277234,COUNTY CHESTER COUNTY,AQxLmQEAv/wBAJUBBMdUKnQOCk1PTlRHT01FUllmA0VORw,,,,,,,,Montgomery County-Bucks County-Chester County,,PA,,,,565,Montgomery County-Bucks County-Chester County,PA,2625544,0.48251001
35,World,M,77.89,A,"Paradise Hills, Henderson, Nevada","Paradise Hills, Henderson, NV, USA",Paradise Hills,Locality,Neighborhood,Paradise Hills,"Henderson, Nevada",,,13.5,,,,,,,,,,,,,,,,,,,,,,,,,,,Paradise Hills,,Henderson,,Clark County,Nevada,NV,,,,,USA,United States,ENG,0,-114.98122,35.993156,-114.98122,35.993156,-114.99722,-114.96522,35.977156,36.009156,LAS VEGAS,AQz6/QAAKewBAJUBBIgg6DoODlBBUkFESVNFIEhJTExTZgNFTkc,,,,,,,,Las Vegas-Henderson-Paradise,,NV,,,,467,Las Vegas-Henderson-Paradise,NV,2786595,-0.176835647
36,World,T,89.04,A,"Sunnyvale, California","Sunnyvale, CA, USA",Sunnyvale,Locality,City,Sunnyvale,"Sunnyvale, California",,,6.5,,,,,,,,,,,,,,,,,,,,,,,,,,,,,Sunnyvale,,Santa Clara County,California,CA,,,,,USA,United States,ENG,0,-122.0365719,37.3736764,-122.0365719,37.3736764,-122.0925719,-121.9805719,37.3176764,37.4296764,SAN JOSE,AQxr4gAAjfEBAJUBBMdUKnQOCVNVTk5ZVkFMRWYDRU5H,,,,,,,,San Jose-Sunnyvale-Santa Clara,,CA,,,,756,San Jose-Sunnyvale-Santa Clara,CA,2327346,0.178332373
37,World,T,100,A,"Boston, Massachusetts","Boston, MA, USA",Boston,Locality,City,Boston,"Boston, Massachusetts",,,4.5,,,,,,,,,,,,,,,,,,,,,,,,,,,,,Boston,,Suffolk County,Massachusetts,MA,,,,,USA,United States,ENG,0,-71.0586293,42.3589942,-71.0586293,42.3589942,-71.2126293,-70.9046293,42.2049942,42.5129942,,AQyNqQEABgUCAJUBBMdUKnQOBkJPU1RPTmYDRU5H,,,,,,,,Boston,,MA,,,,103,Boston,MA,2323464,0.36555175
38,World,T,76.67,A,"Bellevue, Washington","Bellevue, WA, USA",Bellevue,Locality,City,Bellevue,"Bellevue, Washington",,,6.5,,,,,,,,,,,,,,,,,,,,,,,,,,,,,Bellevue,,King County,Washington,WA,,,,,USA,United States,ENG,0,-122.1909341,47.6137024,-122.1909341,47.6137024,-122.2659341,-122.1159341,47.5387024,47.6887024,SEATTLE | EVERETT,AQzR4QAAjRkCAJUBBMdUKnQOCEJFTExFVlVFZgNFTkc,,,,,,,,Seattle-Bellevue-Everett,,WA,,,,770,Seattle-Bellevue-Everett,WA,2501343,0.261571461
39,World,T,85.88,A,"Cleveland, Ohio","Cleveland, OH, USA",Cleveland,Locality,City,Cleveland,"Cleveland, Ohio",,,6.5,,,,,,,,,,,,,,,,,,,,,,,,,,,,,Cleveland,,Cuyahoga County,Ohio,OH,,,,,USA,United States,ENG,0,-81.6914575,41.5051414,-81.6914575,41.5051414,-81.8544575,-81.5284575,41.3421414,41.6681414,ELYRIA,AQwEgAEAsQECAJUBBMdUKnQOCUNMRVZFTEFORGYDRU5H,,,,,,,,Cleveland-Elyria,,OH,,,,172,Cleveland-Elyria,OH,2319610,0.042886604
40,World,M,79.49,A,"Nashville-Davidson, Tennessee","Nashville-Davidson, TN, USA",Nashville-Davidson,Locality,City,Nashville-Davidson,"Nashville, Tennessee",,,11.5,,,,,,,,,,,,,,,,,,,,,,,,,,,,,Nashville,,Davidson County,Tennessee,TN,,,,,USA,United States,ENG,0,-86.78444,36.16589,-86.78444,36.16589,-86.90644,-86.66244,36.04389,36.28789,MURFREESBORO FRANKLIN,AQwfbAEA1ewBAJUBBMdUKnQOEk5BU0hWSUxMRSBEQVZJRFNPTmYDRU5H,,,,,,,,Nashville-Davidson--Murfreesboro--Franklin,,TN,,,,592,Nashville-Davidson--Murfreesboro--Franklin,TN,2228566,0.011421723
41,World,T,85.88,A,"Round Rock, Texas","Round Rock, TX, USA",Round Rock,Locality,City,Round Rock,"Round Rock, Texas",,,6.5,,,,,,,,,,,,,,,,,,,,,,,,,,,,,Round Rock,,Williamson County,Texas,TX,,,,,USA,United States,ENG,0,-97.6799651,30.5087879,-97.6799651,30.5087879,-97.7639651,-97.5959651,30.4247879,30.5927879,AUSTIN,AQyQQQEAvNYBAJUBBMdUKnQOClJPVU5EIFJPQ0tmA0VORw,,,,,,,,Austin-Round Rock,,TX,,,,54,Austin-Round Rock,TX,2259626,0.097847426
42,World,T,100,A,"Raleigh, North Carolina","Raleigh, NC, USA",Raleigh,Locality,City,Raleigh,"Raleigh, North Carolina",,,6.5,,,,,,,,,,,,,,,,,,,,,,,,,,,,,Raleigh,,Wake County,North Carolina,NC,,,,,USA,United States,ENG,0,-78.6416795,35.7813033,-78.6416795,35.7813033,-78.8486795,-78.4346795,35.5743033,35.9883033,,AQzuiwEAVesBAJUBBMdUKnQOB1JBTEVJR0hmA0VORw,,,,,,,,Raleigh,,NC,,,,703,Raleigh,NC,2093880,0.262510367
43,World,T,82.12,A,"Suffolk County, New York","Suffolk County, NY, USA",Suffolk County,Locality,County,Suffolk County,New York,,,10,,,,,,,,,,,,,,,,,,,,,,,,,,,,,,,Suffolk County,New York,NY,,,,,USA,United States,ENG,0,-72.68524155,40.94044775,-72.68524155,40.94044775,-73.30924155,-72.06124155,40.31644775,41.56444775,NASSAU COUNTY,AQwyowEAfP8BAJUBBDdpkQ0ODlNVRkZPTEsgQ09VTlRZZgNFTkc,,,,,,,,Nassau County-Suffolk County,,NY,,,,593,Nassau County-Suffolk County,NY,2086995,0.254004244
44,World,T,75.24,A,"Fort Lauderdale, Florida","Fort Lauderdale, FL, USA",Fort Lauderdale,Locality,City,Fort Lauderdale,"Fort Lauderdale, Florida",,,6.5,,,,,,,,,,,,,,,,,,,,,,,,,,,,,Fort Lauderdale,,Broward County,Florida,FL,,,,,USA,United States,ENG,0,-80.1435862,26.1241631,-80.1435862,26.1241631,-80.2285862,-80.0585862,26.0391631,26.2091631,POMPANO BEACH DEERFIELD BEACH,AQwQhgEAnMUBAJUBBMdUKnQOD0ZPUlQgTEFVREVSREFMRWYDRU5H,,,,,,,,Fort Lauderdale-Pompano Beach-Deerfield Beach,,FL,,,,299,Fort Lauderdale-Pompano Beach-Deerfield Beach,FL,2239259,0.126800175
45,World,T,100,A,"Oklahoma City, Oklahoma","Oklahoma City, OK, USA",Oklahoma City,Locality,City,Oklahoma City,"Oklahoma City, Oklahoma",,,4.5,,,,,,,,,,,,,,,,,,,,,,,,,,,,,Oklahoma City,,Oklahoma County,Oklahoma,OK,,,,,USA,United States,ENG,0,-97.521264,35.468494,-97.521264,35.468494,-97.796264,-97.246264,35.193494,35.743494,,AQwuQgEAHOoBAJUBBMdUKnQODU9LTEFIT01BIENJVFlmA0VORw,,,,,,,,Oklahoma City,,OK,,,,627,Oklahoma City,OK,2050405,-0.06705621
46,World,T,82.92,A,"Milwaukee, Wisconsin","Milwaukee, WI, USA",Milwaukee,Locality,City,Milwaukee,"Milwaukee, Wisconsin",,,4.5,,,,,,,,,,,,,,,,,,,,,,,,,,,,,Milwaukee,,Milwaukee County,Wisconsin,WI,,,,,USA,United States,ENG,0,-87.909421,43.041072,-87.909421,43.041072,-88.029421,-87.789421,42.921072,43.161072,WEST ALLIS,AQy6ZwEAsQcCAJUBBMdUKnQOCU1JTFdBVUtFRWYDRU5H,,,,,,,,Milwaukee-Waukesha-West Allis,,WI,,,,553,Milwaukee-Waukesha-West Allis,WI,2113811,0.026173841
47,World,T,100,A,"Memphis, Tennessee","Memphis, TN, USA",Memphis,Locality,City,Memphis,"Memphis, Tennessee",,,4.5,,,,,,,,,,,,,,,,,,,,,,,,,,,,,Memphis,,Shelby County,Tennessee,TN,,,,,USA,United States,ENG,0,-90.0521356,35.1433781,-90.0521356,35.1433781,-90.2881356,-89.8161356,34.9073781,35.3793781,,AQxbXwEA1+gBAJUBBMdUKnQOB01FTVBISVNmA0VORw,,,,,,,,Memphis,,TN,,,,540,Memphis,TN,1960086,-0.259231745
48,World,M,89.57,A,"West Warwick, Rhode Island","West Warwick, RI, USA",West Warwick,Locality,City,West Warwick,"West Warwick, Rhode Island",,,8.86,,,,,,,,,,,,,,,,,,,,,,,,,,,,,West Warwick,,Kent County,Rhode Island,RI,,,,,USA,United States,ENG,0,-71.522488,41.707447,-71.522488,41.707447,-71.553488,-71.491488,41.676447,41.738447,,AQy9pwEAewICAJUBBMdUKnQODFdFU1QgV0FSV0lDS2YDRU5H,,,,,,,,Providence-Warwick,,RI,,,,696,Providence-Warwick,RI,2036602,0.092746094
49,World,T,100,A,"Jacksonville, Florida","Jacksonville, FL, USA",Jacksonville,Locality,City,Jacksonville,"Jacksonville, Florida",,,4.5,,,,,,,,,,,,,,,,,,,,,,,,,,,,,Jacksonville,,Duval County,Florida,FL,,,,,USA,United States,ENG,0,-81.65676,30.325968,-81.65676,30.325968,-81.98676,-81.32676,29.995968,30.655968,,AQwngAEABdYBAJUBBMdUKnQODEpBQ0tTT05WSUxMRWYDRU5H,,,,,,,,Jacksonville,,FL,,,,408,Jacksonville,FL,1805255,0.121311107
50,World,T,100,A,"Louisville, Kentucky","Louisville, KY, USA",Louisville,Locality,City,Louisville,"Louisville, Kentucky",,,6.5,,,,,,,,,,,,,,,,,,,,,,,,,,,,,Louisville,,Jefferson County,Kentucky,KY,,,,,USA,United States,ENG,0,-85.751569,38.256078,-85.751569,38.256078,-85.964569,-85.538569,38.043078,38.469078,,AQwocAEAAPUBAJUBBMdUKnQOCkxPVUlTVklMTEVmA0VORw,,,,,,,,Louisville/Jefferson County,,KY,,,,497,Louisville/Jefferson County,KY,1782208,-0.054524321
51,World,T,86.67,A,"Birmingham, Alabama","Birmingham, AL, USA",Birmingham,Locality,City,Birmingham,"Birmingham, Alabama",,,6.5,,,,,,,,,,,,,,,,,,,,,,,,,,,,,Birmingham,,Jefferson County,Alabama,AL,,,,,USA,United States,ENG,0,-86.8077052,33.5228587,-86.8077052,33.5228587,-87.0397052,-86.5757052,33.2908587,33.7548587,HOOVER,AQwIbAEAguIBAJUBBMdUKnQOCkJJUk1JTkdIQU1mA0VORw,,,,,,,,Birmingham-Hoover,,AL,,,,89,Birmingham-Hoover,AL,1794408,-0.194444705
52,World,T,100,A,"Fresno, California","Fresno, CA, USA",Fresno,Locality,City,Fresno,"Fresno, California",,,4.5,,,,,,,,,,,,,,,,,,,,,,,,,,,,,Fresno,,Fresno County,California,CA,,,,,USA,United States,ENG,0,-119.785856,36.731654,-119.785856,36.731654,-120.009856,-119.561856,36.507654,36.955654,,AQw26wAAC+8BAJUBBMdUKnQOBkZSRVNOT2YDRU5H,,,,,,,,Fresno,,CA,,,,313,Fresno,CA,1630560,-0.321815965
53,World,M,83.53,A,"Aurora, Colorado","Aurora, CO, USA",Aurora,Locality,City,Aurora,"Aurora, Colorado",,,5.5,,,,,,,,,,,,,,,,,,,,,,,,,,,,,Aurora,,Arapahoe County,Colorado,CO,,,,,USA,United States,ENG,0,-104.8195761,39.7129336,-104.8195761,39.7129336,-104.9875761,-104.6515761,39.5449336,39.8809336,LAKEWOOD,AQysJQEAsPoBAJUBBMdUKnQOBkFVUk9SQWYDRU5H,,,,,,,,Denver-Aurora-Lakewood,,CO,,,,225,Denver-Aurora-Lakewood,CO,2224094,0.129680571
54,World,T,100,A,"Camden, New Jersey","Camden, NJ, USA",Camden,Locality,City,Camden,"Camden, New Jersey",,,8.35,,,,,,,,,,,,,,,,,,,,,,,,,,,,,Camden,,Camden County,New Jersey,NJ,,,,,USA,United States,ENG,0,-75.118833,39.945208,-75.118833,39.945208,-75.153833,-75.083833,39.910208,39.980208,,AQyxmQEAmfsBAJUBBMdUKnQOBkNBTURFTmYDRU5H,,,,,,,,Camden,,NJ,,,,135,Camden,NJ,1609513,0.150416428
55,World,T,100,A,"Salt Lake City, Utah","Salt Lake City, UT, USA",Salt Lake City,Locality,City,Salt Lake City,"Salt Lake City, Utah",,,6.5,,,,,,,,,,,,,,,,,,,,,,,,,,,,,Salt Lake City,,Salt Lake County,Utah,UT,,,,,USA,United States,ENG,0,-111.888142,40.758478,-111.888142,40.758478,-112.061142,-111.715142,40.585478,40.931478,,AQwPCgEAxv4BAJUBBMdUKnQODlNBTFQgTEFLRSBDSVRZZgNFTkc,,,,,,,,Salt Lake City,,UT,,,,748,Salt Lake City,UT,1899861,-0.017896923
56,World,M,89.44,A,"Metairie, Louisiana","Metairie, LA, USA",Metairie,Locality,City,Metairie,"Metairie, Louisiana",,,6.5,,,,,,,,,,,,,,,,,,,,,,,,,,,,,Metairie,,Jefferson Parish,Louisiana,LA,,,,,USA,United States,ENG,0,-90.1554249,30.003581,-90.1554249,30.003581,-90.2354249,-90.0754249,29.923581,30.083581,NEW,AQz0XgEAw9QBAJUBBMdUKnQOCE1FVEFJUklFZgNFTkc,,,,,,,,New Orleans-Metairie,,LA,,,,602,New Orleans-Metairie,LA,1582293,-0.229543931
57,World,T,84.83,A,"West Hartford, Connecticut","West Hartford, CT, USA",West Hartford,Locality,City,West Hartford,"West Hartford, Connecticut",,,13.46,,,,,,,,,,,,,,,,,,,,,,,,,,,,,West Hartford,,Hartford County,Connecticut,CT,,,,,USA,United States,ENG,0,-72.74204,41.76204,-72.74204,41.76204,-72.78704,-72.69704,41.71704,41.80704,EAST HARTFORD,AQz5ogEAsgICAJUBBMdUKnQODVdFU1QgSEFSVEZPUkRmA0VORw,,,,,,,,Hartford-West Hartford-East Hartford,,CT,,,,363,Hartford-West Hartford-East Hartford,CT,1627271,0.158207847
58,World,T,100,A,"Tulsa, Oklahoma","Tulsa, OK, USA",Tulsa,Locality,City,Tulsa,"Tulsa, Oklahoma",,,6.5,,,,,,,,,,,,,,,,,,,,,,,,,,,,,Tulsa,,Tulsa County,Oklahoma,OK,,,,,USA,United States,ENG,0,-95.992083,36.155327,-95.992083,36.155327,-96.191083,-95.793083,35.956327,36.354327,,AQwnSAEAy+wBAJUBBMdUKnQOBVRVTFNBZgNFTkc,,,,,,,,Tulsa,,OK,,,,857,Tulsa,OK,1548155,-0.14648317
59,World,T,86,A,"Grand Rapids, Michigan","Grand Rapids, MI, USA",Grand Rapids,Locality,City,Grand Rapids,"Grand Rapids, Michigan",,,6.5,,,,,,,,,,,,,,,,,,,,,,,,,,,,,Grand Rapids,,Kent County,Michigan,MI,,,,,USA,United States,ENG,0,-85.6701714,42.9654617,-85.6701714,42.9654617,-85.8251714,-85.5151714,42.8104617,43.1204617,WYOMING,AQx5cAEAZQcCAJUBBMdUKnQODEdSQU5EIFJBUElEU2YDRU5H,,,,,,,,Grand Rapids-Wyoming,,MI,,,,335,Grand Rapids-Wyoming,MI,1576081,0.086514252
60,World,M,80.78,A,"Kenosha County, Wisconsin","Kenosha County, WI, USA",Kenosha County,Locality,County,Kenosha County,Wisconsin,,,10,,,,,,,,,,,,,,,,,,,,,,,,,,,,,,,Kenosha County,Wisconsin,WI,,,,,USA,United States,ENG,0,-87.65289072,42.57854477,-87.65289072,42.57854477,-88.01889072,-87.28689072,42.21254477,42.94454477,LAKE COUNTY,AQy7aAEA4gUCAJUBBDdpkQ0ODktFTk9TSEEgQ09VTlRZZgNFTkc,,,,,,,,Lake County-Kenosha County,,IL,,,,457,Lake County-Kenosha County,IL,1536306,0.150518845
61,World,T,100,A,"Bakersfield, California","Bakersfield, CA, USA",Bakersfield,Locality,City,Bakersfield,"Bakersfield, California",,,6.5,,,,,,,,,,,,,,,,,,,,,,,,,,,,,Bakersfield,,Kern County,California,CA,,,,,USA,United States,ENG,0,-119.018911,35.373405,-119.018911,35.373405,-119.388911,-118.648911,35.003405,35.743405,,AQw17gAAvekBAJUBBMdUKnQOC0JBS0VSU0ZJRUxEZgNFTkc,,,,,,,,Bakersfield,,CA,,,,56,Bakersfield,CA,1467171,-0.480790921
62,World,T,76.67,A,"Edinburg, Texas","Edinburg, TX, USA",Edinburg,Locality,City,Edinburg,"Edinburg, Texas",,,6.5,,,,,,,,,,,,,,,,,,,,,,,,,,,,,Edinburg,,Hidalgo County,Texas,TX,,,,,USA,United States,ENG,0,-98.162704,26.299359,-98.162704,26.299359,-98.378704,-97.946704,26.083359,26.515359,MCALLEN | MISSION,AQytPwEAS8YBAJUBBMdUKnQOCEVESU5CVVJHZgNFTkc,,,,,,,,McAllen-Edinburg-Mission,,TX,,,,534,McAllen-Edinburg-Mission,TX,1478531,-0.160439597
63,World,T,81.91,A,"Boca Raton, Florida","Boca Raton, FL, USA",Boca Raton,Locality,City,Boca Raton,"Boca Raton, Florida",,,8.02,,,,,,,,,,,,,,,,,,,,,,,,,,,,,Boca Raton,,Palm Beach County,Florida,FL,,,,,USA,United States,ENG,0,-80.0899135,26.350568,-80.0899135,26.350568,-80.1779135,-80.0019135,26.262568,26.438568,WEST | DELRAY BEACH,AQxGhgEAfsYBAJUBBMdUKnQOCkJPQ0EgUkFUT05mA0VORw,,,,,,,,West Palm Beach-Boca Raton-Delray Beach,,FL,,,,907,West Palm Beach-Boca Raton-Delray Beach,FL,1555127,0.130628093
64,World,T,84.71,A,"Norfolk, Virginia","Norfolk, VA, USA",Norfolk,Locality,City,Norfolk,"Norfolk, Virginia",,,6.5,,,,,,,,,,,,,,,,,,,,,,,,,,,,,Norfolk,,City of Norfolk,Virginia,VA,,,,,USA,United States,ENG,0,-76.2858937,36.8461592,-76.2858937,36.8461592,-76.3938937,-76.1778937,36.7381592,36.9541592,NEWPORT NEWS,AQwilQEAfu8BAJUBBMdUKnQOB05PUkZPTEtmA0VORw,,,,,,,,Virginia Beach-Norfolk-Newport News,,VA,,,,881,Virginia Beach-Norfolk-Newport News,VA,1779602,0.065103405
65,World,T,100,A,"Tucson, Arizona","Tucson, AZ, USA",Tucson,Locality,City,Tucson,"Tucson, Arizona",,,4.5,,,,,,,,,,,,,,,,,,,,,,,,,,,,,Tucson,,Pima County,Arizona,AZ,,,,,USA,United States,ENG,0,-110.971225,32.221878,-110.971225,32.221878,-111.242225,-110.700225,31.950878,32.492878,,AQykDQEAbd0BAJUBBMdUKnQOBlRVQ1NPTmYDRU5H,,,,,,,,Tucson,,AZ,,,,855,Tucson,AZ,1314402,-0.151641746
66,World,T,80.34,A,"Bridge St, Stamford, Connecticut, 06902","Bridge St, Stamford, CT, 06902, USA",Bridge St,StreetName,,,"Bridge St, Stamford, Connecticut, 06902",,,20,,,,,,,,,Bridge,St,,,,,,,,,,,,,,Bridge St,,,Ridgeway-Bulls Head,,Stamford,,Western Connecticut Planning Region,Connecticut,CT,,,06902,,USA,United States,ENG,0,-73.54870454,41.06614118,-73.54870454,41.06614118,-73.54970454,-73.54770454,41.06514118,41.06714118,,AQjTnwEA+v8BAJUBBAAAAAAMDUJSSURHRSBTVFJFRVRmA0VORw,,,,,,,,Bridgeport-Stamford-Norwalk,,CT,,,,114,Bridgeport-Stamford-Norwalk,CT,1318782,0.283659118
67,World,T,77.5,A,"Silver Spring, Maryland","Silver Spring, MD, USA",Silver Spring,Locality,City,Silver Spring,"Silver Spring, Maryland",,,8.24,,,,,,,,,,,,,,,,,,,,,,,,,,,,,Silver Spring,,Montgomery County,Maryland,MD,,,,,USA,United States,ENG,0,-77.0270228,38.9976621,-77.0270228,38.9976621,-77.0710228,-76.9830228,38.9536621,39.0416621,FREDERICK ROCKVILLE,AQw8kgEA5fcBAJUBBMdUKnQODVNJTFZFUiBTUFJJTkdmA0VORw,,,,,,,,Silver Spring-Frederick-Rockville,,MD,,,,794,Silver Spring-Frederick-Rockville,MD,1443071,0.321526043
68,World,T,100,A,"Richmond, Virginia","Richmond, VA, USA",Richmond,Locality,City,Richmond,"Richmond, Virginia",,,6.5,,,,,,,,,,,,,,,,,,,,,,,,,,,,,Richmond,,City of Richmond,Virginia,VA,,,,,USA,United States,ENG,0,-77.433932,37.540759,-77.433932,37.540759,-77.569932,-77.297932,37.404759,37.676759,,AQymkAEANPIBAJUBBMdUKnQOCFJJQ0hNT05EZgNFTkc,,,,,,,,Richmond,,VA,,,,713,Richmond,VA,1308260,0.095740916
69,World,M,85.19,A,"Mauldin, South Carolina","Mauldin, SC, USA",Mauldin,Locality,City,Mauldin,"Mauldin, South Carolina",,,8.94,,,,,,,,,,,,,,,,,,,,,,,,,,,,,Mauldin,,Greenville County,South Carolina,SC,,,,,USA,United States,ENG,0,-82.29695,34.784057,-82.29695,34.784057,-82.34795,-82.24595,34.733057,34.835057,ANDERSON | SC,AQynfQEAcOcBAJUBBMdUKnQOB01BVUxESU5mA0VORw,,,,,,,,Greenville-Anderson-Mauldin,,SC,,,,349,Greenville-Anderson-Mauldin,SC,1321529,-0.003346279
70,World,T,100,A,"Worcester, Massachusetts","Worcester, MA, USA",Worcester,Locality,City,Worcester,"Worcester, Massachusetts",,,6.5,,,,,,,,,,,,,,,,,,,,,,,,,,,,,Worcester,,Worcester County,Massachusetts,MA,,,,,USA,United States,ENG,0,-71.8022386,42.2621176,-71.8022386,42.2621176,-71.8762386,-71.7282386,42.1881176,42.3361176,,AQylpgEApgQCAJUBBMdUKnQOCVdPUkNFU1RFUmYDRU5H,,,,,,,,Worcester,,MA,,,,927,Worcester,MA,1270114,0.249143197
71,World,T,100,A,"Columbia, South Carolina","Columbia, SC, USA",Columbia,Locality,City,Columbia,"Columbia, South Carolina",,,6.5,,,,,,,,,,,,,,,,,,,,,,,,,,,,,Columbia,,Richland County,South Carolina,SC,,,,,USA,United States,ENG,0,-81.037094,34.009286,-81.037094,34.009286,-81.271094,-80.803094,33.775286,34.243286,,AQySggEAaeQBAJUBBMdUKnQOCENPTFVNQklBZgNFTkc,,,,,,,,Columbia,,SC,,,,182,Columbia,SC,1248032,-0.119597978
72,World,T,100,A,"Urban Honolulu, Hawaii","Urban Honolulu, HI, USA",Urban Honolulu,Locality,City,Urban Honolulu,"Honolulu, Hawaii",,,8.5,,,,,,,,,,,,,,,,,,,,,,,,,,,,,Honolulu,,City and County of Honolulu,Hawaii,HI,,,,,USA,United States,ENG,0,-157.858158,21.30992,-157.858158,21.30992,-157.971158,-157.745158,21.19692,21.42292,,AQx9VgAAzbIBAJUBBMdUKnQODlVSQkFOIEhPTk9MVUxVZgNFTkc,,,,,,,,Urban Honolulu,,HI,,,,865,Urban Honolulu,HI,1233187,-0.04539876
73,World,T,100,A,"El Paso, Texas","El Paso, TX, USA",El Paso,Locality,City,El Paso,"El Paso, Texas",,,4.5,,,,,,,,,,,,,,,,,,,,,,,,,,,,,El Paso,,El Paso County,Texas,TX,,,,,USA,United States,ENG,0,-106.4922918,31.7601062,-106.4922918,31.7601062,-106.7682918,-106.2162918,31.4841062,32.0361062,,AQwjHwEAoNsBAJUBBMdUKnQOB0VMIFBBU09mA0VORw,,,,,,,,El Paso,,TX,,,,265,El Paso,TX,1217255,-0.080763077
74,World,T,86,A,"Council Bluffs, Iowa","Council Bluffs, IA, USA",Council Bluffs,Locality,City,Council Bluffs,"Council Bluffs, Iowa",,,8.47,,,,,,,,,,,,,,,,,,,,,,,,,,,,,Council Bluffs,,Pottawattamie County,Iowa,IA,,,,,USA,United States,ENG,0,-95.85436,41.258963,-95.85436,41.258963,-95.96836,-95.74036,41.144963,41.372963,OMAHA | NE,AQyxSAEAugACAJUBBMdUKnQODkNPVU5DSUwgQkxVRkZTZgNFTkc,,,,,,,,Omaha-Council Bluffs,,NE,,,,630,Omaha-Council Bluffs,NE,1304892,0.06179879
75,World,T,88.57,A,"Stockton, California","Stockton, CA, USA",Stockton,Locality,City,Stockton,"Stockton, California",,,6.5,,,,,,,,,,,,,,,,,,,,,,,,,,,,,Stockton,,San Joaquin County,California,CA,,,,,USA,United States,ENG,0,-121.292451,37.957541,-121.292451,37.957541,-121.510451,-121.074451,37.739541,38.175541,LODI,AQxT5QAA1fMBAJUBBMdUKnQOCFNUT0NLVE9OZgNFTkc,,,,,,,,Stockton-Lodi,,CA,,,,821,Stockton-Lodi,CA,1175987,-0.43708128
76,World,T,88.24,A,"Clearfield, Utah","Clearfield, UT, USA",Clearfield,Locality,City,Clearfield,"Clearfield, Utah",,,8.85,,,,,,,,,,,,,,,,,,,,,,,,,,,,,Clearfield,,Davis County,Utah,UT,,,,,USA,United States,ENG,0,-112.020467,41.113869,-112.020467,41.113869,-112.091467,-111.949467,41.042869,41.184869,OGDEN,AQyLCQEAKQACAJUBBMdUKnQOCkNMRUFSRklFTERmA0VORw,,,,,,,,Ogden-Clearfield,,UT,,,,623,Ogden-Clearfield,UT,1205287,0.073048615
77,World,T,100,A,"Baton Rouge, Louisiana","Baton Rouge, LA, USA",Baton Rouge,Locality,City,Baton Rouge,"Baton Rouge, Louisiana",,,6.5,,,,,,,,,,,,,,,,,,,,,,,,,,,,,Baton Rouge,,East Baton Rouge Parish,Louisiana,LA,,,,,USA,United States,ENG,0,-91.187488,30.443319,-91.187488,30.443319,-91.366488,-91.008488,30.264319,30.622319,,AQzsWgEAe9YBAJUBBMdUKnQOC0JBVE9OIFJPVUdFZgNFTkc,,,,,,,,Baton Rouge,,LA,,,,67,Baton Rouge,LA,1172193,-0.193924242
78,World,T,95.35,A,Allentown-Bethlehem-Easton Airport,"Allentown-Bethlehem-Easton Airport, Township of Lower Milford, PA, USA",Allentown-Bethlehem-Easton Airport,POI,Airport,Allentown-Bethlehem-Easton Airport,"Township of Lower Milford, Pennsylvania",,,24,,,,,,,,,,,,,,,,,,,,,,,,,,,,,Township of Lower Milford,,Lehigh County,Pennsylvania,PA,,,,,USA,United States,ENG,0,-75.43963,40.50315,-75.43963,40.50315,-75.46963,-75.40963,40.47315,40.53315,,AQ1wmAEAx/0BAJUBBKqHI1IOIkFMTEVOVE9XTiBCRVRITEVIRU0gRUFTVE9OIEFJUlBPUlRmA0VORw,,,,,,,,Allentown-Bethlehem-Easton,,PA,,,,17,Allentown-Bethlehem-Easton,PA,1209966,0.100683072
79,World,T,100,A,"Gary, Indiana","Gary, IN, USA",Gary,Locality,City,Gary,"Gary, Indiana",,,8.39,,,,,,,,,,,,,,,,,,,,,,,,,,,,,Gary,,Lake County,Indiana,IN,,,,,USA,United States,ENG,0,-87.349684,41.601967,-87.349684,41.601967,-87.441684,-87.257684,41.509967,41.693967,,AQzqaQEAEQICAJUBBMdUKnQOBEdBUllmA0VORw,,,,,,,,Gary,,IN,,,,323,Gary,IN,1167630,0.089265593
80,World,M,91.11,A,"Thousand Oaks, California","Thousand Oaks, CA, USA",Thousand Oaks,Locality,City,Thousand Oaks,"Thousand Oaks, California",,,6.5,,,,,,,,,,,,,,,,,,,,,,,,,,,,,Thousand Oaks,,Ventura County,California,CA,,,,,USA,United States,ENG,0,-118.848743,34.176083,-118.848743,34.176083,-118.951743,-118.745743,34.073083,34.279083,OXNARD,AQzf7gAAEOUBAJUBBMdUKnQODVRIT1VTQU5EIE9BS1NmA0VORw,,,,,,,,Oxnard-Thousand Oaks-Ventura,,CA,,,,647,Oxnard-Thousand Oaks-Ventura,CA,1146581,-0.210055751
81,World,T,100,A,"Elgin, Illinois","Elgin, IL, USA",Elgin,Locality,City,Elgin,"Elgin, Illinois",,,6.5,,,,,,,,,,,,,,,,,,,,,,,,,,,,,Elgin,,Kane County,Illinois,IL,,,,,USA,United States,ENG,0,-88.283975,42.039567,-88.283975,42.039567,-88.396975,-88.170975,41.926567,42.152567,,AQxEZgEAxwMCAJUBBMdUKnQOBUVMR0lOZgNFTkc,,,,,,,,Elgin,,IL,,,,256,Elgin,IL,1122406,-0.013657385
82,World,T,100,A,"Albuquerque, New Mexico","Albuquerque, NM, USA",Albuquerque,Locality,City,Albuquerque,"Albuquerque, New Mexico",,,4.5,,,,,,,,,,,,,,,,,,,,,,,,,,,,,Albuquerque,,Bernalillo County,New Mexico,NM,,,,,USA,United States,ENG,0,-106.649241,35.084248,-106.649241,35.084248,-106.884241,-106.414241,34.849248,35.319248,,AQyGHgEAnOgBAJUBBMdUKnQOC0FMQlVRVUVSUVVFZgNFTkc,,,,,,,,Albuquerque,,NM,,,,13,Albuquerque,NM,1097804,-0.264850334
83,World,T,97.21,A,"High Point Rd, Greensboro, North Carolina, 27407","High Point Rd, Greensboro, NC, 27407, USA",High Point Rd,StreetName,,,"High Point Rd, Greensboro, North Carolina, 27407",,,20,,,,,,,,,High Point,Rd,,,,,,,,,,,,,,High Point Rd,,,,,Greensboro,,Guilford County,North Carolina,NC,,,27407,4239,USA,United States,ENG,0,-79.86798071,36.03126155,-79.86798071,36.03126155,-79.86898071,-79.86698071,36.03026155,36.03226155,,AQgkhwEAT+wBAJUBBAAAAAAMD0hJR0ggUE9JTlQgUk9BRGYDRU5H,,,,,,,,Greensboro-High Point,,NC,,,,344,Greensboro-High Point,NC,1133759,-0.016868467
84,World,M,84.76,A,"San Francisco, California","San Francisco, CA, USA",San Francisco,Locality,City,San Francisco,"San Francisco, California",,,4.5,,,,,,,,,,,,,,,,,,,,,,,,,,,,,San Francisco,,San Francisco County,California,CA,,,,,USA,United States,ENG,0,-122.4201615,37.7800771,-122.4201615,37.7800771,-122.7151615,-122.1251615,37.4850771,38.0750771,REDWOOD CITY SOUTH,AQzr4AAAJPMBAJUBBMdUKnQODVNBTiBGUkFOQ0lTQ09mA0VORw,,,,,,,,San Francisco-Redwood City-South San Francisco,,CA,,,,755,San Francisco-Redwood City-South San Francisco,CA,1212031,0.043361416
85,World,T,100,A,"Boise City, Idaho","Boise City, ID, USA",Boise City,Locality,City,Boise City,"Boise, Idaho",,,8.5,,,,,,,,,,,,,,,,,,,,,,,,,,,,,Boise,,Ada County,Idaho,ID,,,,,USA,United States,ENG,0,-116.201579,43.615791,-116.201579,43.615791,-116.454579,-115.948579,43.362791,43.868791,,AQw2+QAA7wkCAJUBBMdUKnQOCkJPSVNFIENJVFlmA0VORw,,,,,,,,Boise City,,ID,,,,99,Boise City,ID,1075078,0.074077756
86,World,M,100,A,"North Charleston, South Carolina","North Charleston, SC, USA",North Charleston,Locality,City,North Charleston,"North Charleston, South Carolina",,,6.5,,,,,,,,,,,,,,,,,,,,,,,,,,,,,North Charleston,,Charleston County,South Carolina,SC,,,,,USA,United States,ENG,0,-80.013227,32.87887,-80.013227,32.87887,-80.145227,-79.881227,32.74687,33.01087,,AQyShgEA/t8BAJUBBMdUKnQOEE5PUlRIIENIQVJMRVNUT05mA0VORw,,,,,,,,Charleston-North Charleston,,SC,,,,156,Charleston-North Charleston,SC,1040237,-0.012829795
87,World,M,97.65,A,"Orem, Utah","Orem, UT, USA",Orem,Locality,Neighborhood,Orem,"Orem, Utah",,,15,,,,,,,,,,,,,,,,,,,,,,,,,,,Orem,,Orem,,Utah County,Utah,UT,,,,,USA,United States,ENG,0,-111.6812257,40.29346243,-111.6812257,40.29346243,-111.6902257,-111.6722257,40.28446243,40.30246243,,AQzeCgEA9fwBAJUBBIgg6DoOBE9SRU1mA0VORw,,,,,,,,Provo-Orem,,UT,,,,697,Provo-Orem,UT,1029376,0.205624952
88,World,T,98.78,A,"Milford, Connecticut","Milford, CT, USA",Milford,Locality,City,Milford,"Milford, Connecticut",,,13.59,,,,,,,,,,,,,,,,,,,,,,,,,,,,,Milford,,New Haven County,Connecticut,CT,,,,,USA,United States,ENG,0,-73.0565,41.22232,-73.0565,41.22232,-73.0915,-73.0215,41.18732,41.25732,,AQy/oQEAlgACAJUBBMdUKnQOB01JTEZPUkRmA0VORw,,,,,,,,New Haven-Milford,,CT,,,,601,New Haven-Milford,CT,1124807,-0.003071253
89,World,T,100,A,"Knoxville, Tennessee","Knoxville, TN, USA",Knoxville,Locality,City,Knoxville,"Knoxville, Tennessee",,,6.5,,,,,,,,,,,,,,,,,,,,,,,,,,,,,Knoxville,,Knox County,Tennessee,TN,,,,,USA,United States,ENG,0,-83.9167239,35.9626444,-83.9167239,35.9626444,-84.1487239,-83.6847239,35.7306444,36.1946444,,AQxTdwEACuwBAJUBBMdUKnQOCUtOT1hWSUxMRWYDRU5H,,,,,,,,Knoxville,,TN,,,,447,Knoxville,TN,981782,-0.046599301
90,World,T,100,A,"Winston-Salem, North Carolina","Winston-Salem, NC, USA",Winston-Salem,Locality,City,Winston-Salem,"Winston-Salem, North Carolina",,,6.5,,,,,,,,,,,,,,,,,,,,,,,,,,,,,Winston-Salem,,Forsyth County,North Carolina,NC,,,,,USA,United States,ENG,0,-80.243735,36.096261,-80.243735,36.096261,-80.392735,-80.094735,35.947261,36.245261,,AQyshQEAkOwBAJUBBMdUKnQODVdJTlNUT04gU0FMRU1mA0VORw,,,,,,,,Winston-Salem,,NC,,,,923,Winston-Salem,NC,1008147,0.023311895
91,World,T,100,A,"Wilmington, Delaware","Wilmington, DE, USA",Wilmington,Locality,City,Wilmington,"Wilmington, Delaware",,,8.36,,,,,,,,,,,,,,,,,,,,,,,,,,,,,Wilmington,,New Castle County,Delaware,DE,,,,,USA,United States,ENG,0,-75.5451003,39.7444318,-75.5451003,39.7444318,-75.6421003,-75.4481003,39.6474318,39.8414318,,AQwGmAEA0PoBAJUBBMdUKnQOCldJTE1JTkdUT05mA0VORw,,,,,,,,Wilmington,,DE,,,,916,Wilmington,DE,966328,-0.045603984
92,World,M,86.9,A,"East Des Moines, Des Moines, Iowa","East Des Moines, Des Moines, IA, USA",East Des Moines,Locality,City,East Des Moines,"Des Moines, Iowa",,,20,,,,,,,,,,,,,,,,,,,,,,,,,,,,East Des Moines,Des Moines,,Polk County,Iowa,IA,,,,,USA,United States,ENG,0,-93.55244,41.57082,-93.55244,41.57082,-93.56444,-93.54044,41.55882,41.58282,WEST,AQyvUQEA8gECAJUBBMdUKnQOD0VBU1QgREVTIE1PSU5FU2YDRU5H,,,,,,,,Des Moines-West Des Moines,,IA,,,,227,Des Moines-West Des Moines,IA,1019673,0.141638587
93,World,T,100,A,"Augusta, Georgia","Augusta, GA, USA",Augusta,Locality,City,Augusta,"Augusta, Georgia",,,6.5,,,,,,,,,,,,,,,,,,,,,,,,,,,,,Augusta,,Richmond County,Georgia,GA,,,,,USA,United States,ENG,0,-81.964397,33.472494,-81.964397,33.472494,-82.089397,-81.839397,33.347494,33.597494,,AQzzfgEAUOIBAJUBBMdUKnQOB0FVR1VTVEFmA0VORw,,,,,,,,Augusta-Richmond County,,GA,,,,51,Augusta-Richmond County,GA,939639,-0.213361322
94,World,T,100,A,"Wichita, Kansas","Wichita, KS, USA",Wichita,Locality,City,Wichita,"Wichita, Kansas",,,6.5,,,,,,,,,,,,,,,,,,,,,,,,,,,,,Wichita,,Sedgwick County,Kansas,KS,,,,,USA,United States,ENG,0,-97.335571,37.6860234,-97.335571,37.6860234,-97.564571,-97.106571,37.4570234,37.9150234,,AQzoQgEAxvIBAJUBBMdUKnQOB1dJQ0hJVEFmA0VORw,,,,,,,,Wichita,,KS,,,,911,Wichita,KS,939586,-0.023639033
95,World,M,82.33,A,"Littlerock, Arkansas","Littlerock, AR, USA",Littlerock,Locality,City,Littlerock,"Little Rock, Arkansas",,,13.5,,,,,,,,,,,,,,,,,,,,,,,,,,,,,Little Rock,,Pulaski County,Arkansas,AR,,,,,USA,United States,ENG,0,-92.28959,34.74648,-92.28959,34.74648,-92.43059,-92.14859,34.60548,34.88748,NORTH | CONWAY,AQyeVgEASucBAJUBBMdUKnQOCkxJVFRMRVJPQ0tmA0VORw,,,,,,,,Little Rock-North Little Rock-Conway,,AR,,,,487,Little Rock-North Little Rock-Conway,AR,1075700,-0.124166934
96,World,T,100,A,"Dayton, Ohio","Dayton, OH, USA",Dayton,Locality,City,Dayton,"Dayton, Ohio",,,6.5,,,,,,,,,,,,,,,,,,,,,,,,,,,,,Dayton,,Montgomery County,Ohio,OH,,,,,USA,United States,ENG,0,-84.192203,39.760982,-84.192203,39.760982,-84.347203,-84.037203,39.605982,39.915982,,AQw/dgEA4PoBAJUBBMdUKnQOBkRBWVRPTmYDRU5H,,,,,,,,Dayton,,OH,,,,216,Dayton,OH,944092,0.0579169
97,World,T,100,A,"Modesto, California","Modesto, CA, USA",Modesto,Locality,City,Modesto,"Modesto, California",,,6.5,,,,,,,,,,,,,,,,,,,,,,,,,,,,,Modesto,,Stanislaus County,California,CA,,,,,USA,United States,ENG,0,-121.002435,37.640735,-121.002435,37.640735,-121.182435,-120.822435,37.460735,37.820735,,AQx15gAAmPIBAJUBBMdUKnQOB01PREVTVE9mA0VORw,,,,,,,,Modesto,,CA,,,,561,Modesto,CA,885626,-0.394312221
98,World,T,100,A,"Jackson, Mississippi","Jackson, MS, USA",Jackson,Locality,City,Jackson,"Jackson, Mississippi",,,6.5,,,,,,,,,,,,,,,,,,,,,,,,,,,,,Jackson,,Hinds County,Mississippi,MS,,,,,USA,United States,ENG,0,-90.183488,32.302897,-90.183488,32.302897,-90.401488,-89.965488,32.084897,32.520897,,AQzYXgEAvt0BAJUBBMdUKnQOB0pBQ0tTT05mA0VORw,,,,,,,,Jackson,,MS,,,,404,Jackson,MS,920447,-0.242342651
99,World,T,100,A,"Madison, Wisconsin","Madison, WI, USA",Madison,Locality,City,Madison,"Madison, Wisconsin",,,6.5,,,,,,,,,,,,,,,,,,,,,,,,,,,,,Madison,,Dane County,Wisconsin,WI,,,,,USA,United States,ENG,0,-89.385244,43.073926,-89.385244,43.073926,-89.533244,-89.237244,42.925926,43.221926,,AQz2YQEA0QcCAJUBBMdUKnQOB01BRElTT05mA0VORw,,,,,,,,Madison,,WI,,,,507,Madison,WI,844476,0.231887836
100,World,T,100,A,"Rochester, New York","Rochester, NY, USA",Rochester,Locality,City,Rochester,"Rochester, New York",,,6.5,,,,,,,,,,,,,,,,,,,,,,,,,,,,,Rochester,,Monroe County,New York,NY,,,,,USA,United States,ENG,0,-77.612547,43.155708,-77.612547,43.155708,-77.754547,-77.470547,43.013708,43.297708,,AQzzjwEAIwgCAJUBBMdUKnQOCVJPQ0hFU1RFUmYDRU5H,,,,,,,,Rochester,,NY,,,,722,Rochester,NY,811727,0.001452363
101,World,M,88.86,A,"South Tacoma, Tacoma, Washington","South Tacoma, Tacoma, WA, USA",South Tacoma,Locality,Neighborhood,South Tacoma,"Tacoma, Washington",,,13.5,,,,,,,,,,,,,,,,,,,,,,,,,,,South Tacoma,,Tacoma,,Pierce County,Washington,WA,,,,,USA,United States,ENG,0,-122.483725,47.206206,-122.483725,47.206206,-122.518725,-122.448725,47.171206,47.241206,,AQys4AAA9hcCAJUBBIgg6DoODFNPVVRIIFRBQ09NQWYDRU5H,,,,,,,,Tacoma-Lakewood,,WA,,,,832,Tacoma-Lakewood,WA,837968,0.031711478
102,World,T,86,A,"Porterville, California","Porterville, CA, USA",Porterville,Locality,City,Porterville,"Porterville, California",,,8.47,,,,,,,,,,,,,,,,,,,,,,,,,,,,,Porterville,,Tulare County,California,CA,,,,,USA,United States,ENG,0,-119.016146,36.073039,-119.016146,36.073039,-119.257146,-118.775146,35.832039,36.314039,VISALIA,AQw37gAAeewBAJUBBMdUKnQOC1BPUlRFUlZJTExFZgNFTkc,,,,,,,,Visalia-Porterville,,CA,,,,882,Visalia-Porterville,CA,845765,-0.488054245
103,World,T,100,A,"Akron, Ohio","Akron, OH, USA",Akron,Locality,City,Akron,"Akron, Ohio",,,6.5,,,,,,,,,,,,,,,,,,,,,,,,,,,,,Akron,,Summit County,Ohio,OH,,,,,USA,United States,ENG,0,-81.515607,41.084821,-81.515607,41.084821,-81.660607,-81.370607,40.939821,41.229821,,AQy0gAEADAACAJUBBMdUKnQOBUFLUk9OZgNFTkc,,,,,,,,Akron,,OH,,,,5,Akron,OH,793178,0.140662254
104,World,T,100,A,"Springfield, Massachusetts","Springfield, MA, USA",Springfield,Locality,City,Springfield,"Springfield, Massachusetts",,,6.5,,,,,,,,,,,,,,,,,,,,,,,,,,,,,Springfield,,Hampden County,Massachusetts,MA,,,,,USA,United States,ENG,0,-72.585757,42.102051,-72.585757,42.102051,-72.648757,-72.522757,42.039051,42.165051,,AQyWowEABgQCAJUBBMdUKnQOC1NQUklOR0ZJRUxEZgNFTkc,,,,,,,,Springfield,,MA,,,,808,Springfield,MA,809265,0.079206837
105,World,T,86.81,A,"Lake Blvd, Winter Haven, Florida, 33881","Lake Blvd, Winter Haven, FL, 33881, USA",Lake Blvd,StreetName,,,"Lake Blvd, Winter Haven, Florida, 33881",,,20,,,,,,,,,Lake,Blvd,,,,,,,,,,,,,,Lake Blvd,,,,,Winter Haven,,Polk County,Florida,FL,,,33881,,USA,United States,ENG,0,-81.77075165,28.04645906,-81.77075165,28.04645906,-81.77175165,-81.76975165,28.04545906,28.04745906,,AQi1fwEAHs0BAJUBBAAAAAAMDkxBS0UgQk9VTEVWQVJEZgNFTkc,,,,,,,,Lakeland-Winter Haven,,FL,,,,459,Lakeland-Winter Haven,FL,810808,-0.110304762
106,World,T,78.67,A,"Fayetteville, Arkansas","Fayetteville, AR, USA",Fayetteville,Locality,City,Fayetteville,"Fayetteville, Arkansas",,,8.08,,,,,,,,,,,,,,,,,,,,,,,,,,,,,Fayetteville,,Washington County,Arkansas,AR,,,,,USA,United States,ENG,0,-94.160583,36.061928,-94.160583,36.061928,-94.372583,-93.948583,35.849928,36.273928,SPRINGDALE ROGERS,AQxPTwEAbewBAJUBBMdUKnQODEZBWUVUVEVWSUxMRWYDRU5H,,,,,,,,Fayetteville-Springdale-Rogers,,AR,,,,285,Fayetteville-Springdale-Rogers,AR,853198,0.096246139
107,World,T,77.93,A,"Wilkes-Barre, Pennsylvania","Wilkes-Barre, PA, USA",Wilkes-Barre,Locality,City,Wilkes-Barre,"Wilkes-Barre, Pennsylvania",,,8.69,,,,,,,,,,,,,,,,,,,,,,,,,,,,,Wilkes-Barre,,Luzerne County,Pennsylvania,PA,,,,,USA,United States,ENG,0,-75.8811838,41.2462494,-75.8811838,41.2462494,-75.9211838,-75.8411838,41.2062494,41.2862494,SCRANTON | HAZLETON,AQy2lgEArgACAJUBBMdUKnQODFdJTEtFUyBCQVJSRWYDRU5H,,,,,,,,Scranton--Wilkes-Barre--Hazleton,,PA,,,,768,Scranton--Wilkes-Barre--Hazleton,PA,752619,-0.005437189
108,World,T,100,A,"Toledo, Ohio","Toledo, OH, USA",Toledo,Locality,City,Toledo,"Toledo, Ohio",,,6.5,,,,,,,,,,,,,,,,,,,,,,,,,,,,,Toledo,,Lucas County,Ohio,OH,,,,,USA,United States,ENG,0,-83.535717,41.655298,-83.535717,41.655298,-83.647717,-83.423717,41.543298,41.767298,,AQzQeAEARwICAJUBBMdUKnQOBlRPTEVET2YDRU5H,,,,,,,,Toledo,,OH,,,,848,Toledo,OH,728415,0.004723161
109,World,M,87.14,A,"North Port, Florida","North Port, FL, USA",North Port,Locality,City,North Port,"North Port, Florida",,,8.32,,,,,,,,,,,,,,,,,,,,,,,,,,,,,North Port,,Sarasota County,Florida,FL,,,,,USA,United States,ENG,0,-82.2366806,27.0421957,-82.2366806,27.0421957,-82.3676806,-82.1056806,26.9111957,27.1731957,BRADENTON,AQzjfQEAMskBAJUBBMdUKnQOCk5PUlRIIFBPUlRmA0VORw,,,,,,,,North Port-Sarasota-Bradenton,,FL,,,,613,North Port-Sarasota-Bradenton,FL,732766,0.112651974
110,World,M,97.74,A,"Chapel Hill, North Carolina","Chapel Hill, NC, USA",Chapel Hill,Locality,City,Chapel Hill,"Chapel Hill, North Carolina",,,8.48,,,,,,,,,,,,,,,,,,,,,,,,,,,,,Chapel Hill,,Orange County,North Carolina,NC,,,,,USA,United States,ENG,0,-79.055474,35.910262,-79.055474,35.910262,-79.207474,-78.903474,35.758262,36.062262,,AQxQigEA1usBAJUBBMdUKnQOC0NIQVBFTCBISUxMZgNFTkc,,,,,,,,Durham-Chapel Hill,,NC,,,,244,Durham-Chapel Hill,NC,728648,0.029373879
111,World,T,86.81,A,"Carl Aly, Harrisburg, Pennsylvania, 17103","Carl Aly, Harrisburg, PA, 17103, USA",Carl Aly,StreetName,,,"Carl Aly, Harrisburg, Pennsylvania, 17103",,,20,,,,,,,,,Carl,Aly,,,,,,,,,,,,,,Carl Aly,,,Allison Hill,,Harrisburg,,Dauphin County,Pennsylvania,PA,,,17103,,USA,United States,ENG,0,-76.86696324,40.26937595,-76.86696324,40.26937595,-76.86796324,-76.86596324,40.26837595,40.27037595,,AQjdkgEA3fwBAJUBBAAAAAAMCkNBUkwgQUxMRVlmA0VORw,,,,,,,,Harrisburg-Carlisle,,PA,,,,360,Harrisburg-Carlisle,PA,747788,0.131080568
112,World,T,83.64,A,"Brownsville, Texas","Brownsville, TX, USA",Brownsville,Locality,City,Brownsville,"Brownsville, Texas",,,6.5,,,,,,,,,,,,,,,,,,,,,,,,,,,,,Brownsville,,Cameron County,Texas,TX,,,,,USA,United States,ENG,0,-97.498884,25.903046,-97.498884,25.903046,-97.718884,-97.278884,25.683046,26.123046,HARLINGEN,AQxFQgEAv8QBAJUBBMdUKnQOC0JST1dOU1ZJTExFZgNFTkc,,,,,,,,Brownsville-Harlingen,,TX,,,,118,Brownsville-Harlingen,TX,714791,-0.107332694
113,World,M,95.15,A,"Shreveport, Louisiana","Shreveport, LA, USA",Shreveport,Locality,City,Shreveport,"Shreveport, Louisiana",,,6.5,,,,,,,,,,,,,,,,,,,,,,,,,,,,,Shreveport,,Caddo Parish,Louisiana,LA,,,,,USA,United States,ENG,0,-93.7477715,32.51425,-93.7477715,32.51425,-94.0417715,-93.4537715,32.22025,32.80825,,AQzsUAEAkt4BAJUBBMdUKnQOClNIUkVWRVBPUlRmA0VORw,,,,,,,,Shreveport-Bossier City,,LA,,,,789,Shreveport-Bossier City,LA,723731,-0.333166254
114,World,T,82,A,"Cape Coral, Florida","Cape Coral, FL, USA",Cape Coral,Locality,City,Cape Coral,"Cape Coral, Florida",,,6.5,,,,,,,,,,,,,,,,,,,,,,,,,,,,,Cape Coral,,Lee County,Florida,FL,,,,,USA,United States,ENG,0,-81.959756,26.631465,-81.959756,26.631465,-82.082756,-81.836756,26.508465,26.754465,FORT MYERS,AQz4fgEAl8cBAJUBBMdUKnQOCkNBUEUgQ09SQUxmA0VORw,,,,,,,,Cape Coral-Fort Myers,,FL,,,,140,Cape Coral-Fort Myers,FL,728130,0.060043431
115,World,T,100,A,"Lafayette, Louisiana","Lafayette, LA, USA",Lafayette,Locality,City,Lafayette,"Lafayette, Louisiana",,,6.5,,,,,,,,,,,,,,,,,,,,,,,,,,,,,Lafayette,,Lafayette Parish,Louisiana,LA,,,,,USA,United States,ENG,0,-92.018773,30.22126,-92.018773,30.22126,-92.126773,-91.910773,30.11326,30.32926,,AQytVwEAndUBAJUBBMdUKnQOCUxBRkFZRVRURWYDRU5H,,,,,,,,Lafayette,,LA,,,,451,Lafayette,LA,697008,-0.196467431
116,World,M,96.42,A,"South Portland, Portland, Oregon","South Portland, Portland, OR, USA",South Portland,Locality,Neighborhood,South Portland,"Portland, Oregon",,,13.5,,,,,,,,,,,,,,,,,,,,,,,,,,,South Portland,,Portland,,Multnomah County,Oregon,OR,,,,,USA,United States,ENG,0,-122.675795,45.483794,-122.675795,45.483794,-122.690795,-122.660795,45.468794,45.498794,ME,AQzs3wAAOxECAJUBBIgg6DoODlNPVVRIIFBPUlRMQU5EZgNFTkc,,,,,,,,Portland-South Portland,,ME,,,,687,Portland-South Portland,ME,669036,0.224145563
117,World,T,100,A,"Flint, Michigan","Flint, MI, USA",Flint,Locality,City,Flint,"Flint, Michigan",,,8.23,,,,,,,,,,,,,,,,,,,,,,,,,,,,,Flint,,Genesee County,Michigan,MI,,,,,USA,United States,ENG,0,-83.685109,43.00992,-83.685109,43.00992,-83.813109,-83.557109,42.88192,43.13792,,AQw6eAEAkQcCAJUBBMdUKnQOBUZMSU5UZgNFTkc,,,,,,,,Flint,,MI,,,,291,Flint,MI,668100,-0.183080351
118,World,T,100,A,"Lexington-Fayette, Kentucky","Lexington-Fayette, KY, USA",Lexington-Fayette,Locality,City,Lexington-Fayette,"Lexington-Fayette, Kentucky",,,5.5,,,,,,,,,,,,,,,,,,,,,,,,,,,,,Lexington-Fayette,,Fayette County,Kentucky,KY,,,,,USA,United States,ENG,0,-84.45855,38.0498,-84.45855,38.0498,-84.64555,-84.27155,37.8628,38.2368,,AQw1dQEAMfQBAJUBBMdUKnQOEUxFWElOR1RPTiBGQVlFVFRFZgNFTkc,,,,,,,,Lexington-Fayette,,KY,,,,482,Lexington-Fayette,KY,686385,0.132044292
119,World,T,77.5,A,"Niagara Falls, New York","Niagara Falls, NY, USA",Niagara Falls,Locality,City,Niagara Falls,"Niagara Falls, New York",,,8.64,,,,,,,,,,,,,,,,,,,,,,,,,,,,,Niagara Falls,,Niagara County,New York,NY,,,,,USA,United States,ENG,0,-79.056432,43.094464,-79.056432,43.094464,-79.125432,-78.987432,43.025464,43.163464,BUFFALO CHEEKTOWAGA,AQxPigEA5gcCAJUBBMdUKnQODU5JQUdBUkEgRkFMTFNmA0VORw,,,,,,,,Buffalo-Cheektowaga-Niagara Falls,,NY,,,,122,Buffalo-Cheektowaga-Niagara Falls,NY,723799,0.012563527
120,World,T,100,A,"Reading, Pennsylvania","Reading, PA, USA",Reading,Locality,City,Reading,"Reading, Pennsylvania",,,8.06,,,,,,,,,,,,,,,,,,,,,,,,,,,,,Reading,,Berks County,Pennsylvania,PA,,,,,USA,United States,ENG,0,-75.921965,40.336919,-75.921965,40.336919,-76.026965,-75.816965,40.231919,40.441919,,AQyOlgEAIP0BAJUBBMdUKnQOB1JFQURJTkdmA0VORw,,,,,,,,Reading,,PA,,,,706,Reading,PA,655549,0.023312444
121,World,T,100,A,"Lancaster, Pennsylvania","Lancaster, PA, USA",Lancaster,Locality,City,Lancaster,"Lancaster, Pennsylvania",,,8.52,,,,,,,,,,,,,,,,,,,,,,,,,,,,,Lancaster,,Lancaster County,Pennsylvania,PA,,,,,USA,United States,ENG,0,-76.307078,40.039401,-76.307078,40.039401,-76.409078,-76.205078,39.937401,40.141401,,AQwMlQEA9/sBAJUBBMdUKnQOCUxBTkNBU1RFUmYDRU5H,,,,,,,,Lancaster,,PA,,,,461,Lancaster,PA,661618,0.200490643
122,World,T,100,A,"Chattanooga, Tennessee","Chattanooga, TN, USA",Chattanooga,Locality,City,Chattanooga,"Chattanooga, Tennessee",,,6.5,,,,,,,,,,,,,,,,,,,,,,,,,,,,,Chattanooga,,Hamilton County,Tennessee,TN,,,,,USA,United States,ENG,0,-85.308287,35.045756,-85.308287,35.045756,-85.481287,-85.135287,34.872756,35.218756,,AQzjcQEAdegBAJUBBMdUKnQOC0NIQVRUQU5PT0dBZgNFTkc,,,,,,,,Chattanooga,,TN,,,,159,Chattanooga,TN,654078,-0.090890605
123,World,T,100,A,"Salinas, California","Salinas, CA, USA",Salinas,Locality,City,Salinas,"Salinas, California",,,6.5,,,,,,,,,,,,,,,,,,,,,,,,,,,,,Salinas,,Monterey County,California,CA,,,,,USA,United States,ENG,0,-121.6564671,36.676772,-121.6564671,36.676772,-121.8704671,-121.4424671,36.462772,36.890772,,AQzn4wAA1O4BAJUBBMdUKnQOB1NBTElOQVNmA0VORw,,,,,,,,Salinas,,CA,,,,746,Salinas,CA,645772,-0.527739069
124,World,M,100,A,"Hanover, Pennsylvania","Hanover, PA, USA",Hanover,Locality,City,Hanover,"Hanover, Pennsylvania",,,11.19,,,,,,,,,,,,,,,,,,,,,,,,,,,,,Hanover,,York County,Pennsylvania,PA,,,,,USA,United States,ENG,0,-76.977154,39.812628,-76.977154,39.812628,-77.072154,-76.882154,39.717628,39.907628,,AQxukgEAFPsBAJUBBMdUKnQOB0hBTk9WRVJmA0VORw,,,,,,,,York-Hanover,,PA,,,,931,York-Hanover,PA,644481,0.185386837
125,World,T,100,A,"Huntsville, Alabama","Huntsville, AL, USA",Huntsville,Locality,City,Huntsville,"Huntsville, Alabama",,,6.5,,,,,,,,,,,,,,,,,,,,,,,,,,,,,Huntsville,,Madison County,Alabama,AL,,,,,USA,United States,ENG,0,-86.5853044,34.7295402,-86.5853044,34.7295402,-86.8263044,-86.3443044,34.4885402,34.9705402,,AQzmbAEAOecBAJUBBMdUKnQOCkhVTlRTVklMTEVmA0VORw,,,,,,,,Huntsville,,AL,,,,390,Huntsville,AL,643091,-0.016325872
126,World,T,100,A,"Fort Wayne, Indiana","Fort Wayne, IN, USA",Fort Wayne,Locality,City,Fort Wayne,"Fort Wayne, Indiana",,,6.5,,,,,,,,,,,,,,,,,,,,,,,,,,,,,Fort Wayne,,Allen County,Indiana,IN,,,,,USA,United States,ENG,0,-85.137495,41.077474,-85.137495,41.077474,-85.327495,-84.947495,40.887474,41.267474,,AQyOcgEABQACAJUBBMdUKnQOCkZPUlQgV0FZTkVmA0VORw,,,,,,,,Fort Wayne,,IN,,,,305,Fort Wayne,IN,641233,0.11207509
127,World,M,96,A,"East Lansing, Lansing, New York","East Lansing, Lansing, NY, USA",East Lansing,Locality,City,East Lansing,"Lansing, New York",,,20,,,,,,,,,,,,,,,,,,,,,,,,,,,,East Lansing,Lansing,,Tompkins County,New York,NY,,,,,USA,United States,ENG,0,-76.46938,42.56841,-76.46938,42.56841,-76.48138,-76.45738,42.55641,42.58041,MI,AQxqlAEA2AUCAJUBBMdUKnQODEVBU1QgTEFOU0lOR2YDRU5H,,,,,,,,Lansing-East Lansing,,MI,,,,462,Lansing-East Lansing,MI,627375,-0.048623462
128,World,T,87.59,A,"Warren, Youngstown, Ohio","Warren, Youngstown, OH, USA",Warren,Locality,Neighborhood,Warren,"Youngstown, Ohio",,,13.5,,,,,,,,,,,,,,,,,,,,,,,,,,,Warren,,Youngstown,,Mahoning County,Ohio,OH,,,,,USA,United States,ENG,0,-80.6659845,41.0799567,-80.6659845,41.0799567,-80.6749845,-80.6569845,41.0709567,41.0889567,BOARDMAN,AQwGhAEABwACAJUBBIgg6DoOBldBUlJFTmYDRU5H,,,,,,,,Youngstown-Warren-Boardman,,OH,,,,932,Youngstown-Warren-Boardman,OH,663727,0.104871119
129,World,T,100,A,"Mobile, Alabama","Mobile, AL, USA",Mobile,Locality,City,Mobile,"Mobile, Alabama",,,6.5,,,,,,,,,,,,,,,,,,,,,,,,,,,,,Mobile,,Mobile County,Alabama,AL,,,,,USA,United States,ENG,0,-88.044822,30.688943,-88.044822,30.688943,-88.239822,-87.849822,30.493943,30.883943,,AQwzZwEAcNcBAJUBBMdUKnQOBk1PQklMRWYDRU5H,,,,,,,,Mobile,,AL,,,,560,Mobile,AL,617124,-0.253155101
130,World,T,77.5,A,"Daytona Beach, Florida","Daytona Beach, FL, USA",Daytona Beach,Locality,City,Daytona Beach,"Daytona Beach, Florida",,,8.34,,,,,,,,,,,,,,,,,,,,,,,,,,,,,Daytona Beach,,Volusia County,Florida,FL,,,,,USA,United States,ENG,0,-81.0207257,29.2070854,-81.0207257,29.2070854,-81.1487257,-80.8927257,29.0790854,29.3350854,DELTONA | ORMOND BEACH,AQyjggEAp9EBAJUBBMdUKnQODURBWVRPTkEgQkVBQ0hmA0VORw,,,,,,,,Deltona-Daytona Beach-Ormond Beach,,FL,,,,223,Deltona-Daytona Beach-Ormond Beach,FL,640040,0.028814445
131,World,T,100,A,"Springfield, Missouri","Springfield, MO, USA",Springfield,Locality,City,Springfield,"Springfield, Missouri",,,6.5,,,,,,,,,,,,,,,,,,,,,,,,,,,,,Springfield,,Greene County,Missouri,MO,,,,,USA,United States,ENG,0,-93.292361,37.215521,-93.292361,37.215521,-93.469361,-93.115361,37.038521,37.392521,,AQyzUgEA7/ABAJUBBMdUKnQOC1NQUklOR0ZJRUxEZgNFTkc,,,,,,,,Springfield,,MO,,,,809,Springfield,MO,623854,0.071171789
132,World,T,78.46,A,"Pascagoula, Mississippi","Pascagoula, MS, USA",Pascagoula,Locality,City,Pascagoula,"Pascagoula, Mississippi",,,8.97,,,,,,,,,,,,,,,,,,,,,,,,,,,,,Pascagoula,,Jackson County,Mississippi,MS,,,,,USA,United States,ENG,0,-88.547309,30.365765,-88.547309,30.365765,-88.691309,-88.403309,30.221765,30.509765,GULFPORT BILOXI,AQw8ZQEALdYBAJUBBMdUKnQOClBBU0NBR09VTEFmA0VORw,,,,,,,,Gulfport-Biloxi-Pascagoula,,MS,,,,353,Gulfport-Biloxi-Pascagoula,MS,610124,-0.025685952
133,World,T,82.61,A,"Schenectady, New York","Schenectady, NY, USA",Schenectady,Locality,City,Schenectady,"Schenectady, New York",,,8.41,,,,,,,,,,,,,,,,,,,,,,,,,,,,,Schenectady,,Schenectady County,New York,NY,,,,,USA,United States,ENG,0,-73.944103,42.814219,-73.944103,42.814219,-74.074103,-73.814103,42.684219,42.944219,ALBANY | TROY,AQxHngEAzgYCAJUBBMdUKnQOC1NDSEVORUNUQURZZgNFTkc,,,,,,,,Albany-Schenectady-Troy,,NY,,,,9,Albany-Schenectady-Troy,NY,622408,0.073350359
134,World,T,100,A,"Fayetteville, North Carolina","Fayetteville, NC, USA",Fayetteville,Locality,City,Fayetteville,"Fayetteville, North Carolina",,,6.5,,,,,,,,,,,,,,,,,,,,,,,,,,,,,Fayetteville,,Cumberland County,North Carolina,NC,,,,,USA,United States,ENG,0,-78.883659,35.054417,-78.883659,35.054417,-79.157659,-78.609659,34.780417,35.328417,,AQz8igEAfugBAJUBBMdUKnQODEZBWUVUVEVWSUxMRWYDRU5H,,,,,,,,Fayetteville,,NC,,,,284,Fayetteville,NC,596556,-0.080363794
135,World,M,90.63,A,"Strafford, New Hampshire","Strafford, NH, USA",Strafford,Locality,City,Strafford,"Strafford, New Hampshire",,,11.83,,,,,,,,,,,,,,,,,,,,,,,,,,,,,Strafford,,Strafford County,New Hampshire,NH,,,,,USA,United States,ENG,0,-71.187933,43.308324,-71.187933,43.308324,-71.273933,-71.101933,43.222324,43.394324,COUNTY,AQwMqQEAvAgCAJUBBMdUKnQOCVNUUkFGRk9SRGYDRU5H,,,,,,,,Rockingham County-Strafford County,,NH,,,,725,Rockingham County-Strafford County,NH,615391,0.360938355
136,World,T,100,A,"Salem, Oregon","Salem, OR, USA",Salem,Locality,City,Salem,"Salem, Oregon",,,6.5,,,,,,,,,,,,,,,,,,,,,,,,,,,,,Salem,,Marion County,Oregon,OR,,,,,USA,United States,ENG,0,-123.039307,44.939016,-123.039307,44.939016,-123.219307,-122.859307,44.759016,45.119016,,AQyA3gAAGw8CAJUBBMdUKnQOBVNBTEVNZgNFTkc,,,,,,,,Salem,,OR,,,,744,Salem,OR,590064,-0.218791932
137,World,T,100,A,"Corpus Christi, Texas","Corpus Christi, TX, USA",Corpus Christi,Locality,City,Corpus Christi,"Corpus Christi, Texas",,,6.5,,,,,,,,,,,,,,,,,,,,,,,,,,,,,Corpus Christi,,Nueces County,Texas,TX,,,,,USA,United States,ENG,0,-97.404131,27.796416,-97.404131,27.796416,-97.639131,-97.169131,27.561416,28.031416,,AQyjQgEAJMwBAJUBBMdUKnQODkNPUlBVUyBDSFJJU1RJZgNFTkc,,,,,,,,Corpus Christi,,TX,,,,196,Corpus Christi,TX,568669,-0.131240453
138,World,T,100,A,"Montgomery, Alabama","Montgomery, AL, USA",Montgomery,Locality,City,Montgomery,"Montgomery, Alabama",,,6.5,,,,,,,,,,,,,,,,,,,,,,,,,,,,,Montgomery,,Montgomery County,Alabama,AL,,,,,USA,United States,ENG,0,-86.2996608,32.376542,-86.2996608,32.376542,-86.5116608,-86.0876608,32.164542,32.588542,,AQwEbgEACN4BAJUBBMdUKnQOCk1PTlRHT01FUllmA0VORw,,,,,,,,Montgomery,,AL,,,,564,Montgomery,AL,569030,-0.392230565
139,World,T,100,A,"Peoria, Illinois","Peoria, IL, USA",Peoria,Locality,City,Peoria,"Peoria, Illinois",,,6.5,,,,,,,,,,,,,,,,,,,,,,,,,,,,,Peoria,,Peoria County,Illinois,IL,,,,,USA,United States,ENG,0,-89.590362,40.694592,-89.590362,40.694592,-89.717362,-89.463362,40.567592,40.821592,,AQwpYQEAhv4BAJUBBMdUKnQOBlBFT1JJQWYDRU5H,,,,,,,,Peoria,,IL,,,,664,Peoria,IL,565237,0.025756069
140,World,T,77.14,A,"Titusville, Florida","Titusville, FL, USA",Titusville,Locality,City,Titusville,"Titusville, Florida",,,8.64,,,,,,,,,,,,,,,,,,,,,,,,,,,,,Titusville,,Brevard County,Florida,FL,,,,,USA,United States,ENG,0,-80.807594,28.609188,-80.807594,28.609188,-80.907594,-80.707594,28.509188,28.709188,PALM BAY MELBOURNE,AQx4gwEAUc8BAJUBBMdUKnQOClRJVFVTVklMTEVmA0VORw,,,,,,,,Palm Bay-Melbourne-Titusville,,FL,,,,653,Palm Bay-Melbourne-Titusville,FL,597493,0.240882115
141,World,T,100,A,"Savannah, Georgia","Savannah, GA, USA",Savannah,Locality,City,Savannah,"Savannah, Georgia",,,6.5,,,,,,,,,,,,,,,,,,,,,,,,,,,,,Savannah,,Chatham County,Georgia,GA,,,,,USA,United States,ENG,0,-81.0900966,32.0806102,-81.0900966,32.0806102,-81.3390966,-80.8410966,31.8316102,32.3296102,,AQxdggEA4NwBAJUBBMdUKnQOCFNBVkFOTkFIZgNFTkc,,,,,,,,Savannah,,GA,,,,764,Savannah,GA,561236,-0.15070944
142,World,T,100,A,"Reno, Nevada","Reno, NV, USA",Reno,Locality,City,Reno,"Reno, Nevada",,,6.5,,,,,,,,,,,,,,,,,,,,,,,,,,,,,Reno,,Washoe County,Nevada,NV,,,,,USA,United States,ENG,0,-119.813283,39.526903,-119.813283,39.526903,-120.083283,-119.543283,39.256903,39.796903,,AQwa6wAA9vkBAJUBBMdUKnQOBFJFTk9mA0VORw,,,,,,,,Reno,,NV,,,,710,Reno,NV,555012,-0.046341058
143,World,T,84,A,"Killeen, Texas","Killeen, TX, USA",Killeen,Locality,City,Killeen,"Killeen, Texas",,,6.5,,,,,,,,,,,,,,,,,,,,,,,,,,,,,Killeen,,Bell County,Texas,TX,,,,,USA,United States,ENG,0,-97.731129,31.11781,-97.731129,31.11781,-97.872129,-97.590129,30.97681,31.25881,TEMPLE,AQxcQQEAHdkBAJUBBMdUKnQOB0tJTExFRU5mA0VORw,,,,,,,,Killeen-Temple,,TX,,,,440,Killeen-Temple,TX,559483,-0.089833815
144,World,T,82.36,A,"Moline, Illinois","Moline, IL, USA",Moline,Locality,City,Moline,"Moline, Illinois",,,8.71,,,,,,,,,,,,,,,,,,,,,,,,,,,,,Moline,,Rock Island County,Illinois,IL,,,,,USA,United States,ENG,0,-90.489271,41.492225,-90.489271,41.492225,-90.543271,-90.435271,41.438225,41.546225,DAVENPORT | IA,AQymXQEApAECAJUBBMdUKnQOBk1PTElORWYDRU5H,,,,,,,,Davenport-Moline-Rock Island,,IA,,,,215,Davenport-Moline-Rock Island,IA,582405,-0.061391242
145,World,T,77.6,A,"Pensacola, Florida","Pensacola, FL, USA",Pensacola,Locality,City,Pensacola,"Pensacola, Florida",,,8.57,,,,,,,,,,,,,,,,,,,,,,,,,,,,,Pensacola,,Escambia County,Florida,FL,,,,,USA,United States,ENG,0,-87.2175711,30.4068966,-87.2175711,30.4068966,-87.3885711,-87.0465711,30.2358966,30.5778966,FERRY PASS BRENT,AQxuagEAVtYBAJUBBMdUKnQOCVBFTlNBQ09MQWYDRU5H,,,,,,,,Pensacola-Ferry Pass-Brent,,FL,,,,663,Pensacola-Ferry Pass-Brent,FL,564238,0.076354796
146,World,T,100,A,"Asheville, North Carolina","Asheville, NC, USA",Asheville,Locality,City,Asheville,"Asheville, North Carolina",,,8.07,,,,,,,,,,,,,,,,,,,,,,,,,,,,,Asheville,,Buncombe County,North Carolina,NC,,,,,USA,United States,ENG,0,-82.5500442,35.5959111,-82.5500442,35.5959111,-82.6870442,-82.4130442,35.4589111,35.7329111,,AQypfAEAm+oBAJUBBMdUKnQOCUFTSEVWSUxMRWYDRU5H,,,,,,,,Asheville,,NC,,,,37,Asheville,NC,550648,0.210224252
147,World,T,100,A,"Santa Rosa, California","Santa Rosa, CA, USA",Santa Rosa,Locality,City,Santa Rosa,"Santa Rosa, California",,,6.5,,,,,,,,,,,,,,,,,,,,,,,,,,,,,Santa Rosa,,Sonoma County,California,CA,,,,,USA,United States,ENG,0,-122.715642,38.439698,-122.715642,38.439698,-122.858642,-122.572642,38.296698,38.582698,,AQzE3wAAt/UBAJUBBMdUKnQOClNBTlRBIFJPU0FmA0VORw,,,,,,,,Santa Rosa,,CA,,,,762,Santa Rosa,CA,549555,-0.170580165
148,World,M,100,A,"Santa Maria, California","Santa Maria, CA, USA",Santa Maria,Locality,City,Santa Maria,"Santa Maria, California",,,6.5,,,,,,,,,,,,,,,,,,,,,,,,,,,,,Santa Maria,,Santa Barbara County,California,CA,,,,,USA,United States,ENG,0,-120.435881,34.948403,-120.435881,34.948403,-120.699881,-120.171881,34.684403,35.212403,,AQys6AAAFOgBAJUBBMdUKnQOC1NBTlRBIE1BUklBZgNFTkc,,,,,,,,Santa Maria-Santa Barbara,,CA,,,,761,Santa Maria-Santa Barbara,CA,548548,-0.302683715
149,World,T,78.33,A,"Morganton, North Carolina","Morganton, NC, USA",Morganton,Locality,City,Morganton,"Morganton, North Carolina",,,11.13,,,,,,,,,,,,,,,,,,,,,,,,,,,,,Morganton,,Burke County,North Carolina,NC,,,,,USA,United States,ENG,0,-81.688118,35.745556,-81.688118,35.745556,-81.879118,-81.497118,35.554556,35.936556,HICKORY LENOIR,AQwHgAEAMesBAJUBBMdUKnQOCU1PUkdBTlRPTmYDRU5H,,,,,,,,Hickory-Lenoir-Morganton,,NC,,,,373,Hickory-Lenoir-Morganton,NC,550566,0.098888696
150,World,T,80.57,A,"North Myrtle Beach, South Carolina","North Myrtle Beach, SC, USA",North Myrtle Beach,Locality,City,North Myrtle Beach,"North Myrtle Beach, South Carolina",,,11.06,,,,,,,,,,,,,,,,,,,,,,,,,,,,,North Myrtle Beach,,Horry County,South Carolina,SC,,,,,USA,United States,ENG,0,-78.715249,33.807383,-78.715249,33.807383,-78.806249,-78.624249,33.716383,33.898383,MYRTLE BEACH CONWAY,AQykiwEAn+MBAJUBBMdUKnQOEk5PUlRIIE1ZUlRMRSBCRUFDSGYDRU5H,,,,,,,,Myrtle Beach-Conway-North Myrtle Beach,,SC,,,,588,Myrtle Beach-Conway-North Myrtle Beach,SC,548816,0.055619256
151,World,T,100,A,"Syracuse, New York","Syracuse, NY, USA",Syracuse,Locality,City,Syracuse,"Syracuse, New York",,,6.5,,,,,,,,,,,,,,,,,,,,,,,,,,,,,Syracuse,,Onondaga County,New York,NY,,,,,USA,United States,ENG,0,-76.147448,43.047945,-76.147448,43.047945,-76.275448,-76.019448,42.919945,43.175945,,AQyslQEAtwcCAJUBBMdUKnQOCFNZUkFDVVNFZgNFTkc,,,,,,,,Syracuse,,NY,,,,831,Syracuse,NY,511732,-0.0720983
152,World,T,100,A,"Spartanburg, South Carolina","Spartanburg, SC, USA",Spartanburg,Locality,City,Spartanburg,"Spartanburg, South Carolina",,,8.77,,,,,,,,,,,,,,,,,,,,,,,,,,,,,Spartanburg,,Spartanburg County,South Carolina,SC,,,,,USA,United States,ENG,0,-81.934664,34.947914,-81.934664,34.947914,-82.082664,-81.786664,34.799914,35.095914,,AQwRfwEAE+gBAJUBBMdUKnQOC1NQQVJUQU5CVVJHZgNFTkc,,,,,,,,Spartanburg,,SC,,,,802,Spartanburg,SC,515024,-0.084408527
153,World,T,100,A,"Rockford, Illinois","Rockford, IL, USA",Rockford,Locality,City,Rockford,"Rockford, Illinois",,,6.5,,,,,,,,,,,,,,,,,,,,,,,,,,,,,Rockford,,Winnebago County,Illinois,IL,,,,,USA,United States,ENG,0,-89.088377,42.266802,-89.088377,42.266802,-89.246377,-88.930377,42.108802,42.424802,,AQwfYwEAqgQCAJUBBMdUKnQOCFJPQ0tGT1JEZgNFTkc,,,,,,,,Rockford,,IL,,,,723,Rockford,IL,537739,-0.214474615
154,World,T,84.44,A,"Fairfield, California","Fairfield, CA, USA",Fairfield,Locality,City,Fairfield,"Fairfield, California",,,6.5,,,,,,,,,,,,,,,,,,,,,,,,,,,,,Fairfield,,Solano County,California,CA,,,,,USA,United States,ENG,0,-122.049851,38.251488,-122.049851,38.251488,-122.180851,-121.918851,38.120488,38.382488,VALLEJO,AQxe4gAA+/QBAJUBBMdUKnQOCUZBSVJGSUVMRGYDRU5H,,,,,,,,Vallejo-Fairfield,,CA,,,,869,Vallejo-Fairfield,CA,531489,-0.302454112
155,World,M,100,A,"Spokane Valley, Washington","Spokane Valley, WA, USA",Spokane Valley,Locality,City,Spokane Valley,"Spokane Valley, Washington",,,6.5,,,,,,,,,,,,,,,,,,,,,,,,,,,,,Spokane Valley,,Spokane County,Washington,WA,,,,,USA,United States,ENG,0,-117.234275,47.67165,-117.234275,47.67165,-117.312275,-117.156275,47.59365,47.74965,,AQwt9QAAxxkCAJUBBMdUKnQODlNQT0tBTkUgVkFMTEVZZgNFTkc,,,,,,,,Spokane-Spokane Valley,,WA,,,,806,Spokane-Spokane Valley,WA,502270,0.07968719
156,World,T,100,A,"Port St. Lucie, Florida","Port St. Lucie, FL, USA",Port St. Lucie,Locality,City,Port St. Lucie,"Port St. Lucie, Florida",,,6.5,,,,,,,,,,,,,,,,,,,,,,,,,,,,,Port St. Lucie,,St. Lucie County,Florida,FL,,,,,USA,United States,ENG,0,-80.342148,27.273274,-80.342148,27.273274,-80.466148,-80.218148,27.149274,27.397274,,AQxJhQEAGcoBAJUBBMdUKnQODVBPUlQgU1QgTFVDSUVmA0VORw,,,,,,,,Port St. Lucie,,FL,,,,690,Port St. Lucie,FL,509039,0.007933905
157,World,T,85.88,A,"Massillon, Ohio","Massillon, OH, USA",Massillon,Locality,City,Massillon,"Massillon, Ohio",,,8.85,,,,,,,,,,,,,,,,,,,,,,,,,,,,,Massillon,,Stark County,Ohio,OH,,,,,USA,United States,ENG,0,-81.522001,40.7968,-81.522001,40.7968,-81.622001,-81.422001,40.6968,40.8968,CANTON,AQytgAEA7P4BAJUBBMdUKnQOCU1BU1NJTExPTmYDRU5H,,,,,,,,Canton-Massillon,,OH,,,,139,Canton-Massillon,OH,498469,0.184875697
158,World,T,84,A,"Port Arthur, Texas","Port Arthur, TX, USA",Port Arthur,Locality,City,Port Arthur,"Port Arthur, Texas",,,8.55,,,,,,,,,,,,,,,,,,,,,,,,,,,,,Port Arthur,,Jefferson County,Texas,TX,,,,,USA,United States,ENG,0,-93.934199,29.872307,-93.934199,29.872307,-94.105199,-93.763199,29.701307,30.043307,BEAUMONT,AQwxUAEAQNQBAJUBBMdUKnQOC1BPUlQgQVJUSFVSZgNFTkc,,,,,,,,Beaumont-Port Arthur,,TX,,,,72,Beaumont-Port Arthur,TX,481842,-0.164166115
159,World,T,100,A,"Green Bay, Wisconsin","Green Bay, WI, USA",Green Bay,Locality,City,Green Bay,"Green Bay, Wisconsin",,,6.5,,,,,,,,,,,,,,,,,,,,,,,,,,,,,Green Bay,,Brown County,Wisconsin,WI,,,,,USA,United States,ENG,0,-88.0132562,44.5132883,-88.0132562,44.5132883,-88.1582562,-87.8682562,44.3682883,44.6582883,,AQxSZwEAcQ0CAJUBBMdUKnQOCUdSRUVOIEJBWWYDRU5H,,,,,,,,Green Bay,,WI,,,,341,Green Bay,WI,479032,0.129531665
160,World,T,86.67,A,"Manchester, New Hampshire","Manchester, NH, USA",Manchester,Locality,City,Manchester,"Manchester, New Hampshire",,,6.5,,,,,,,,,,,,,,,,,,,,,,,,,,,,,Manchester,,Hillsborough County,New Hampshire,NH,,,,,USA,United States,ENG,0,-71.4630908,42.9909263,-71.4630908,42.9909263,-71.5390908,-71.3870908,42.9149263,43.0669263,NASHUA,AQz4pwEAfgcCAJUBBMdUKnQOCk1BTkNIRVNURVJmA0VORw,,,,,,,,Manchester-Nashua,,NH,,,,512,Manchester-Nashua,NH,492809,0.198571903
161,World,T,100,A,"Laredo, Texas","Laredo, TX, USA",Laredo,Locality,City,Laredo,"Laredo, Texas",,,6.5,,,,,,,,,,,,,,,,,,,,,,,,,,,,,Laredo,,Webb County,Texas,TX,,,,,USA,United States,ENG,0,-99.5074957,27.5071293,-99.5074957,27.5071293,-100.0974957,-98.9174957,26.9171293,28.0971293,,AQxsOgEAA8sBAJUBBMdUKnQOBkxBUkVET2YDRU5H,,,,,,,,Laredo,,TX,,,,464,Laredo,TX,467506,-0.240660117
162,World,T,100,A,"Merced, California","Merced, CA, USA",Merced,Locality,City,Merced,"Merced, California",,,8.17,,,,,,,,,,,,,,,,,,,,,,,,,,,,,Merced,,Merced County,California,CA,,,,,USA,United States,ENG,0,-120.481971,37.306968,-120.481971,37.306968,-120.667971,-120.295971,37.120968,37.492968,,AQx+6AAASvEBAJUBBMdUKnQOBk1FUkNFRGYDRU5H,,,,,,,,Merced,,CA,,,,542,Merced,CA,468184,-0.470672673
163,World,T,97.18,A,"Portage, Michigan","Portage, MI, USA",Portage,Locality,City,Portage,"Portage, Michigan",,,8.64,,,,,,,,,,,,,,,,,,,,,,,,,,,,,Portage,,Kalamazoo County,Michigan,MI,,,,,USA,United States,ENG,0,-85.591685,42.200981,-85.591685,42.200981,-85.655685,-85.527685,42.136981,42.264981,,AQzIcAEAaAQCAJUBBMdUKnQOB1BPUlRBR0VmA0VORw,,,,,,,,Kalamazoo-Portage,,MI,,,,426,Kalamazoo-Portage,MI,477562,-0.070896757
164,World,T,100,A,"Fort Smith, Arkansas","Fort Smith, AR, USA",Fort Smith,Locality,City,Fort Smith,"Fort Smith, Arkansas",,,8.14,,,,,,,,,,,,,,,,,,,,,,,,,,,,,Fort Smith,,Sebastian County,Arkansas,AR,,,,,USA,United States,ENG,0,-94.424357,35.386636,-94.424357,35.386636,-94.594357,-94.254357,35.216636,35.556636,,AQxHTgEAyukBAJUBBMdUKnQOCkZPUlQgU01JVEhmA0VORw,,,,,,,,Fort Smith,,AR,,,,304,Fort Smith,AR,467078,-0.125525953
165,World,T,100,A,"Trenton, New Jersey","Trenton, NJ, USA",Trenton,Locality,City,Trenton,"Trenton, New Jersey",,,8.11,,,,,,,,,,,,,,,,,,,,,,,,,,,,,Trenton,,Mercer County,New Jersey,NJ,,,,,USA,United States,ENG,0,-74.7597087,40.2205724,-74.7597087,40.2205724,-74.8437087,-74.6757087,40.1365724,40.3045724,,AQwYmwEArPwBAJUBBMdUKnQOB1RSRU5UT05mA0VORw,,,,,,,,Trenton,,NJ,,,,852,Trenton,NJ,464442,0.138560109
166,World,T,100,A,"Colorado Springs, Colorado","Colorado Springs, CO, USA",Colorado Springs,Locality,City,Colorado Springs,"Colorado Springs, Colorado",,,6.5,,,,,,,,,,,,,,,,,,,,,,,,,,,,,Colorado Springs,,El Paso County,Colorado,CO,,,,,USA,United States,ENG,0,-104.819798,38.835224,-104.819798,38.835224,-105.101798,-104.537798,38.553224,39.117224,,AQysJQEAQ/cBAJUBBMdUKnQOEENPTE9SQURPIFNQUklOR1NmA0VORw,,,,,,,,Colorado Springs,,CO,,,,180,Colorado Springs,CO,464527,0.248515728
167,World,T,100,A,"Salisbury, Maryland","Salisbury, MD, USA",Salisbury,Locality,City,Salisbury,"Salisbury, Maryland",,,8.84,,,,,,,,,,,,,,,,,,,,,,,,,,,,,Salisbury,,Wicomico County,Maryland,MD,,,,,USA,United States,ENG,0,-75.599181,38.365568,-75.599181,38.365568,-75.725181,-75.473181,38.239568,38.491568,,AQzQlwEAbfUBAJUBBMdUKnQOCVNBTElTQlVSWWYDRU5H,,,,,,,,Salisbury,,MD,,,,747,Salisbury,MD,457159,0.102321857
168,World,T,85.26,A,"Huntington, West Virginia","Huntington, WV, USA",Huntington,Locality,City,Huntington,"Huntington, West Virginia",,,8.66,,,,,,,,,,,,,,,,,,,,,,,,,,,,,Huntington,,Cabell County,West Virginia,WV,,,,,USA,United States,ENG,0,-82.4452246,38.4191237,-82.4452246,38.4191237,-82.5732246,-82.3172246,38.2911237,38.5471237,ASHLAND,AQwSfQEAo/UBAJUBBMdUKnQOCkhVTlRJTkdUT05mA0VORw,,,,,,,,Huntington-Ashland,,WV,,,,389,Huntington-Ashland,WV,478286,-0.044548669
169,World,T,100,A,"Ann Arbor, Michigan","Ann Arbor, MI, USA",Ann Arbor,Locality,City,Ann Arbor,"Ann Arbor, Michigan",,,6.5,,,,,,,,,,,,,,,,,,,,,,,,,,,,,Ann Arbor,,Washtenaw County,Michigan,MI,,,,,USA,United States,ENG,0,-83.7484779,42.2814189,-83.7484779,42.2814189,-83.8884779,-83.6084779,42.1414189,42.4214189,,AQz7dwEAuQQCAJUBBMdUKnQOCUFOTiBBUkJPUmYDRU5H,,,,,,,,Ann Arbor,,MI,,,,30,Ann Arbor,MI,448713,0.244645573
170,World,T,100,A,"Yakima, Washington","Yakima, WA, USA",Yakima,Locality,City,Yakima,"Yakima, Washington",,,8.03,,,,,,,,,,,,,,,,,,,,,,,,,,,,,Yakima,,Yakima County,Washington,WA,,,,,USA,United States,ENG,0,-120.506093,46.602234,-120.506093,46.602234,-120.704093,-120.308093,46.404234,46.800234,,AQxl6AAAmhUCAJUBBMdUKnQOBllBS0lNQWYDRU5H,,,,,,,,Yakima,,WA,,,,929,Yakima,WA,424008,-0.329608171
171,World,T,100,A,"Columbus, Georgia","Columbus, GA, USA",Columbus,Locality,City,Columbus,"Columbus, Georgia",,,6.5,,,,,,,,,,,,,,,,,,,,,,,,,,,,,Columbus,,Muscogee County,Georgia,GA,,,,,USA,United States,ENG,0,-84.990405,32.466682,-84.990405,32.466682,-85.152405,-84.828405,32.304682,32.628682,,AQwhcwEAYt4BAJUBBMdUKnQOCENPTFVNQlVTZgNFTkc,,,,,,,,Columbus,,GA,,,,183,Columbus,GA,431695,-0.300307636
172,World,T,100,A,"Evansville, Indiana","Evansville, IN, USA",Evansville,Locality,City,Evansville,"Evansville, Indiana",,,6.5,,,,,,,,,,,,,,,,,,,,,,,,,,,,,Evansville,,Vanderburgh County,Indiana,IN,,,,,USA,United States,ENG,0,-87.569907,37.975708,-87.569907,37.975708,-87.726907,-87.412907,37.818708,38.132708,,AQwOaQEA5/MBAJUBBMdUKnQOCkVWQU5TVklMTEVmA0VORw,,,,,,,,Evansville,,IN,,,,275,Evansville,IN,429139,0.152554456
173,World,T,82,A,"South Bend, Indiana","South Bend, IN, USA",South Bend,Locality,City,South Bend,"South Bend, Indiana",,,6.5,,,,,,,,,,,,,,,,,,,,,,,,,,,,,South Bend,,St. Joseph County,Indiana,IN,,,,,USA,United States,ENG,0,-86.251962,41.675032,-86.251962,41.675032,-86.378962,-86.124962,41.548032,41.802032,MISHAWAKA,AQw0bgEAWwICAJUBBMdUKnQOClNPVVRIIEJFTkRmA0VORw,,,,,,,,South Bend-Mishawaka,,IN,,,,801,South Bend-Mishawaka,IN,434764,0.001246045
174,World,T,100,A,"Anchorage, Alaska","Anchorage, AK, USA",Anchorage,Locality,City,Anchorage,"Anchorage, Alaska",,,6.5,,,,,,,,,,,,,,,,,,,,,,,,,,,,,Anchorage,,Municipality of Anchorage,Alaska,AK,,,,,USA,United States,ENG,0,-149.899597,61.216583,-149.899597,61.216583,-150.579597,-149.219597,60.536583,61.896583,,AQyUdQAAsE4CAJUBBMdUKnQOCUFOQ0hPUkFHRWYDRU5H,,,,,,,,Anchorage,,AK,,,,27,Anchorage,AK,406189,0.000196446
175,World,T,100,A,"Tallahassee, Florida","Tallahassee, FL, USA",Tallahassee,Locality,City,Tallahassee,"Tallahassee, Florida",,,6.5,,,,,,,,,,,,,,,,,,,,,,,,,,,,,Tallahassee,,Leon County,Florida,FL,,,,,USA,United States,ENG,0,-84.278328,30.440741,-84.278328,30.440741,-84.542328,-84.014328,30.176741,30.704741,,AQzpdQEAeNYBAJUBBMdUKnQOC1RBTExBSEFTU0VFZgNFTkc,,,,,,,,Tallahassee,,FL,,,,835,Tallahassee,FL,398776,0.119617504
176,World,T,100,A,"Erie, Pennsylvania","Erie, PA, USA",Erie,Locality,City,Erie,"Erie, Pennsylvania",,,8.06,,,,,,,,,,,,,,,,,,,,,,,,,,,,,Erie,,Erie County,Pennsylvania,PA,,,,,USA,United States,ENG,0,-80.08258,42.127951,-80.08258,42.127951,-80.22758,-79.93758,41.982951,42.272951,,AQxNhgEAHwQCAJUBBMdUKnQOBEVSSUVmA0VORw,,,,,,,,Erie,,PA,,,,269,Erie,PA,386612,0.064939206
177,World,T,100,A,"Cedar Rapids, Iowa","Cedar Rapids, IA, USA",Cedar Rapids,Locality,City,Cedar Rapids,"Cedar Rapids, Iowa",,,6.5,,,,,,,,,,,,,,,,,,,,,,,,,,,,,Cedar Rapids,,Linn County,Iowa,IA,,,,,USA,United States,ENG,0,-91.6698616,41.9780542,-91.6698616,41.9780542,-91.8198616,-91.5198616,41.8280542,42.1280542,,AQwKWQEAigMCAJUBBMdUKnQODENFREFSIFJBUElEU2YDRU5H,,,,,,,,Cedar Rapids,,IA,,,,147,Cedar Rapids,IA,413954,0.133148842
178,World,T,100,A,"Lincoln, Nebraska","Lincoln, NE, USA",Lincoln,Locality,City,Lincoln,"Lincoln, Nebraska",,,6.5,,,,,,,,,,,,,,,,,,,,,,,,,,,,,Lincoln,,Lancaster County,Nebraska,NE,,,,,USA,United States,ENG,0,-96.70261,40.813599,-96.70261,40.813599,-96.88761,-96.51761,40.628599,40.998599,,AQxhRQEA/f4BAJUBBMdUKnQOB0xJTkNPTE5mA0VORw,,,,,,,,Lincoln,,NE,,,,486,Lincoln,NE,388245,0.310791083
179,World,T,100,A,"Duluth, Minnesota","Duluth, MN, USA",Duluth,Locality,City,Duluth,"Duluth, Minnesota",,,8.17,,,,,,,,,,,,,,,,,,,,,,,,,,,,,Duluth,,St. Louis County,Minnesota,MN,,,,,USA,United States,ENG,0,-92.1055136,46.7828363,-92.1055136,46.7828363,-92.3905136,-91.8205136,46.4978363,47.0678363,,AQxWVwEAThYCAJUBBMdUKnQOBkRVTFVUSGYDRU5H,,,,,,,,Duluth,,MN,,,,238,Duluth,MN,366008,0.173406541
180,World,T,100,A,"Clarksville, Tennessee","Clarksville, TN, USA",Clarksville,Locality,City,Clarksville,"Clarksville, Tennessee",,,6.5,,,,,,,,,,,,,,,,,,,,,,,,,,,,,Clarksville,,Montgomery County,Tennessee,TN,,,,,USA,United States,ENG,0,-87.3203942,36.5164819,-87.3203942,36.5164819,-87.4673942,-87.1733942,36.3694819,36.6634819,,AQwHagEANO4BAJUBBMdUKnQOC0NMQVJLU1ZJTExFZgNFTkc,,,,,,,,Clarksville,,TN,,,,168,Clarksville,TN,372913,-0.021832452
181,World,T,100,A,"Lubbock, Texas","Lubbock, TX, USA",Lubbock,Locality,City,Lubbock,"Lubbock, Texas",,,6.5,,,,,,,,,,,,,,,,,,,,,,,,,,,,,Lubbock,,Lubbock County,Texas,TX,,,,,USA,United States,ENG,0,-101.8549534,33.5836884,-101.8549534,33.5836884,-102.0759534,-101.6339534,33.3626884,33.8046884,,AQxBMQEAv+IBAJUBBMdUKnQOB0xVQkJPQ0tmA0VORw,,,,,,,,Lubbock,,TX,,,,498,Lubbock,TX,357657,-0.059582673
182,World,T,100,A,"Macon, Georgia","Macon, GA, USA",Macon,Locality,City,Macon,"Macon, Georgia",,,6.5,,,,,,,,,,,,,,,,,,,,,,,,,,,,,Macon,,Bibb County,Georgia,GA,,,,,USA,United States,ENG,0,-83.6316511,32.8360926,-83.6316511,32.8360926,-83.7456511,-83.5176511,32.7220926,32.9500926,,AQxweAEA1N8BAJUBBMdUKnQOBU1BQ09OZgNFTkc,,,,,,,,Macon,,GA,,,,504,Macon,GA,364344,-0.367777065
183,World,T,97.18,A,"Goshen, Indiana","Goshen, IN, USA",Goshen,Locality,City,Goshen,"Goshen, Indiana",,,8.82,,,,,,,,,,,,,,,,,,,,,,,,,,,,,Goshen,,Elkhart County,Indiana,IN,,,,,USA,United States,ENG,0,-85.834392,41.581218,-85.834392,41.581218,-85.969392,-85.699392,41.446218,41.716218,,AQzVbwEA/QECAJUBBMdUKnQOBkdPU0hFTmYDRU5H,,,,,,,,Elkhart-Goshen,,IN,,,,260,Elkhart-Goshen,IN,358976,0.011552559
184,World,T,100,A,"Sioux Falls, South Dakota","Sioux Falls, SD, USA",Sioux Falls,Locality,City,Sioux Falls,"Sioux Falls, South Dakota",,,6.5,,,,,,,,,,,,,,,,,,,,,,,,,,,,,Sioux Falls,,Minnehaha County,South Dakota,SD,,,,,USA,United States,ENG,0,-96.731297,43.54731,-96.731297,43.54731,-96.869297,-96.593297,43.40931,43.68531,,AQxERQEAqwkCAJUBBMdUKnQOC1NJT1VYIEZBTExTZgNFTkc,,,,,,,,Sioux Falls,,SD,,,,796,Sioux Falls,SD,354374,0.158957485
185,World,T,100,A,"Wilmington, North Carolina","Wilmington, NC, USA",Wilmington,Locality,City,Wilmington,"Wilmington, North Carolina",,,6.5,,,,,,,,,,,,,,,,,,,,,,,,,,,,,Wilmington,,New Hanover County,North Carolina,NC,,,,,USA,United States,ENG,0,-77.946197,34.2367,-77.946197,34.2367,-78.085197,-77.807197,34.0977,34.3757,,AQyljgEATOUBAJUBBMdUKnQOCldJTE1JTkdUT05mA0VORw,,,,,,,,Wilmington,,NC,,,,917,Wilmington,NC,351768,0.179847257
186,World,T,98.03,A,"Hammonton, New Jersey","Hammonton, NJ, USA",Hammonton,Locality,City,Hammonton,"Hammonton, New Jersey",,,11.28,,,,,,,,,,,,,,,,,,,,,,,,,,,,,Hammonton,,Atlantic County,New Jersey,NJ,,,,,USA,United States,ENG,0,-74.8027436,39.6366363,-74.8027436,39.6366363,-74.9427436,-74.6627436,39.4966363,39.7766363,,AQztmgEAZPoBAJUBBMdUKnQOCUhBTU1PTlRPTmYDRU5H,,,,,,,,Atlantic City-Hammonton,,NJ,,,,47,Atlantic City-Hammonton,NJ,353152,0.012858061
187,World,T,100,A,"Ocala, Florida","Ocala, FL, USA",Ocala,Locality,City,Ocala,"Ocala, Florida",,,8.46,,,,,,,,,,,,,,,,,,,,,,,,,,,,,Ocala,,Marion County,Florida,FL,,,,,USA,United States,ENG,0,-82.137789,29.189311,-82.137789,29.189311,-82.353789,-81.921789,28.973311,29.405311,,AQxGfgEAldEBAJUBBMdUKnQOBU9DQUxBZgNFTkc,,,,,,,,Ocala,,FL,,,,620,Ocala,FL,348312,-0.086225739
188,World,T,100,A,"Appleton, Wisconsin","Appleton, WI, USA",Appleton,Locality,City,Appleton,"Appleton, Wisconsin",,,8.3,,,,,,,,,,,,,,,,,,,,,,,,,,,,,Appleton,,Outagamie County,Wisconsin,WI,,,,,USA,United States,ENG,0,-88.40725,44.261804,-88.40725,44.261804,-88.52725,-88.28725,44.141804,44.381804,,AQzIZQEAdQwCAJUBBMdUKnQOCEFQUExFVE9OZgNFTkc,,,,,,,,Appleton,,WI,,,,32,Appleton,WI,351281,0.212999928
189,World,T,78.57,A,"Marco Island, Florida","Marco Island, FL, USA",Marco Island,Locality,City,Marco Island,"Marco Island, Florida",,,11.22,,,,,,,,,,,,,,,,,,,,,,,,,,,,,Marco Island,,Collier County,Florida,FL,,,,,USA,United States,ENG,0,-81.7158506,25.9392465,-81.7158506,25.9392465,-81.7788506,-81.6528506,25.8762465,26.0022465,NAPLES IMMOKALEE,AQzsfwEA48QBAJUBBMdUKnQODE1BUkNPIElTTEFORGYDRU5H,,,,,,,,Naples-Immokalee-Marco Island,,FL,,,,591,Naples-Immokalee-Marco Island,FL,384925,0.098599352
190,World,T,100,A,"Amarillo, Texas","Amarillo, TX, USA",Amarillo,Locality,City,Amarillo,"Amarillo, Texas",,,6.5,,,,,,,,,,,,,,,,,,,,,,,,,,,,,Amarillo,,Potter County,Texas,TX,,,,,USA,United States,ENG,0,-101.832013,35.207009,-101.832013,35.207009,-102.110013,-101.554013,34.929009,35.485009,,AQxXMQEAF+kBAJUBBMdUKnQOCEFNQVJJTExPZgNFTkc,,,,,,,,Amarillo,,TX,,,,22,Amarillo,TX,337589,0.05581698
191,World,T,100,A,"Tuscaloosa, Alabama","Tuscaloosa, AL, USA",Tuscaloosa,Locality,City,Tuscaloosa,"Tuscaloosa, Alabama",,,8.01,,,,,,,,,,,,,,,,,,,,,,,,,,,,,Tuscaloosa,,Tuscaloosa County,Alabama,AL,,,,,USA,United States,ENG,0,-87.5655828,33.2106838,-87.5655828,33.2106838,-87.7915828,-87.3395828,32.9846838,33.4366838,,AQwSaQEASuEBAJUBBMdUKnQOClRVU0NBTE9PU0FmA0VORw,,,,,,,,Tuscaloosa,,AL,,,,859,Tuscaloosa,AL,336981,-0.323441879
192,World,T,98.86,A,"Norwich, Connecticut","Norwich, CT, USA",Norwich,Locality,City,Norwich,"Norwich, Connecticut",,,13.75,,,,,,,,,,,,,,,,,,,,,,,,,,,,,Norwich,,New London County,Connecticut,CT,,,,,USA,United States,ENG,0,-72.07591,41.52426,-72.07591,41.52426,-72.13091,-72.02091,41.46926,41.57926,,AQyUpQEAxAECAJUBBMdUKnQOB05PUldJQ0hmA0VORw,,,,,,,,Norwich-New London,,CT,,,,617,Norwich-New London,CT,340856,0.149451866
193,World,T,100,A,"Yuma, Arizona","Yuma, AZ, USA",Yuma,Locality,City,Yuma,"Yuma, Arizona",,,8.06,,,,,,,,,,,,,,,,,,,,,,,,,,,,,Yuma,,Yuma County,Arizona,AZ,,,,,USA,United States,ENG,0,-114.62088,32.722313,-114.62088,32.722313,-114.91088,-114.33088,32.432313,33.012313,,AQxj/wAAYt8BAJUBBMdUKnQOBFlVTUFmA0VORw,,,,,,,,Yuma,,AZ,,,,934,Yuma,AZ,335060,-0.332715273
194,World,T,100,A,"Topeka, Kansas","Topeka, KS, USA",Topeka,Locality,City,Topeka,"Topeka, Kansas",,,6.5,,,,,,,,,,,,,,,,,,,,,,,,,,,,,Topeka,,Shawnee County,Kansas,KS,,,,,USA,United States,ENG,0,-95.670433,39.050976,-95.670433,39.050976,-95.866433,-95.474433,38.854976,39.246976,,AQxpSQEAGvgBAJUBBMdUKnQOBlRPUEVLQWYDRU5H,,,,,,,,Topeka,,KS,,,,849,Topeka,KS,333744,0.039961931
195,World,T,100,A,"Florence, South Carolina","Florence, SC, USA",Florence,Locality,City,Florence,"Florence, South Carolina",,,8.75,,,,,,,,,,,,,,,,,,,,,,,,,,,,,Florence,,Florence County,South Carolina,SC,,,,,USA,United States,ENG,0,-79.761968,34.195772,-79.761968,34.195772,-79.903968,-79.619968,34.053772,34.337772,,AQyOhwEAI+UBAJUBBMdUKnQOCEZMT1JFTkNFZgNFTkc,,,,,,,,Florence,,SC,,,,292,Florence,SC,334415,-0.308986937
196,World,T,100,A,"Gainesville, Georgia","Gainesville, GA, USA",Gainesville,Locality,City,Gainesville,"Gainesville, Georgia",,,8.72,,,,,,,,,,,,,,,,,,,,,,,,,,,,,Gainesville,,Hall County,Georgia,GA,,,,,USA,United States,ENG,0,-83.829629,34.298772,-83.829629,34.298772,-83.992629,-83.666629,34.135772,34.461772,,AQyqdwEAiuUBAJUBBMdUKnQOC0dBSU5FU1ZJTExFZgNFTkc,,,,,,,,Gainesville,,GA,,,,317,Gainesville,GA,330659,-0.204094082
197,World,T,100,A,"Rochester, Minnesota","Rochester, MN, USA",Rochester,Locality,City,Rochester,"Rochester, Minnesota",,,6.5,,,,,,,,,,,,,,,,,,,,,,,,,,,,,Rochester,,Olmsted County,Minnesota,MN,,,,,USA,United States,ENG,0,-92.458867,44.019331,-92.458867,44.019331,-92.602867,-92.314867,43.875331,44.163331,,AQz1VQEAgwsCAJUBBMdUKnQOCVJPQ0hFU1RFUmYDRU5H,,,,,,,,Rochester,,MN,,,,721,Rochester,MN,332728,0.297308188
198,World,T,100,A,"Warner Robins, Georgia","Warner Robins, GA, USA",Warner Robins,Locality,City,Warner Robins,"Warner Robins, Georgia",,,8.25,,,,,,,,,,,,,,,,,,,,,,,,,,,,,Warner Robins,,Houston County,Georgia,GA,,,,,USA,United States,ENG,0,-83.612927,32.6291876,-83.612927,32.6291876,-83.713927,-83.511927,32.5281876,32.7301876,,AQyDeAEABd8BAJUBBMdUKnQODVdBUk5FUiBST0JJTlNmA0VORw,,,,,,,,Warner Robins,,GA,,,,888,Warner Robins,GA,330203,-0.002251272
199,World,T,83.16,A,"Kennewick, Washington","Kennewick, WA, USA",Kennewick,Locality,City,Kennewick,"Kennewick, Washington",,,8.19,,,,,,,,,,,,,,,,,,,,,,,,,,,,,Kennewick,,Benton County,Washington,WA,,,,,USA,United States,ENG,0,-119.116969,46.202607,-119.116969,46.202607,-119.339969,-118.893969,45.979607,46.425607,RICHLAND,AQzT7QAAChQCAJUBBMdUKnQOCUtFTk5FV0lDS2YDRU5H,,,,,,,,Kennewick-Richland,,WA,,,,435,Kennewick-Richland,WA,330549,-0.153653484
200,World,T,82.4,A,"Bristol, Georgia","Bristol, GA, USA",Bristol,Locality,City,Bristol,"Bristol, Georgia",,,20,,,,,,,,,,,,,,,,,,,,,,,,,,,,Bristol,Bristol,,Pierce County,Georgia,GA,,,,,USA,United States,ENG,0,-82.21457,31.44855,-82.21457,31.44855,-82.22557,-82.20357,31.43755,31.45955,KINGSPORT | TN,AQz5fQEAaNoBAJUBBMdUKnQOB0JSSVNUT0xmA0VORw,,,,,,,,Kingsport-Bristol-Bristol,,TN,,,,441,Kingsport-Bristol-Bristol,TN,335142,0.035579396
